sample_id,Acetobacterium,Acetomicrobium,Acidobacterium,Acinetobacter,Actinomyces,Aeromonas,Akkermansia,Alistipes,Aminobacter,Aminobacterium,Aminomonas,Anaerobaculum,Anaerofilum,Anaerolinea,Anaerovorax,Armatimonas,Bacillus,Bacteroides,Bellilinea,Bifidobacterium,Caldicoprobacter,Caldisericum,Candidatus Caldatribacterium,Candidatus Cloacimonas,Candidatus Fermentibacter,Christensenella,Cloacibacillus,Clostridium,Coprothermobacter,Corynebacterium,Defluviitoga,Denitrovibrio,Desulfobulbus,Desulfovibrio,Dysgonomonas,Elusimicrobium,Fastidiosipila,Fermentimonas,Fibrobacter,Flexilinea,Fusobacterium,Garciella,Gelria,Geobacter,Gordonibacter,Kosmotoga,Lactobacillus,Leptolinea,Levilinea,Longilinea,Macellibacteroides,Mesotoga,Methanobacterium,Methanobrevibacter,Methanocorpusculum,Methanoculleus,Methanolinea,Methanomassiliicoccus,Methanoregula,Methanosaeta,Methanosarcina,Methanospirillum,Methanothermobacter,Olsenella,Ornatilinea,Paludibacter,Pelotomaculum,Petrimonas,Petrotoga,Planctomyces,Prevotella,Proteiniclasticum,Proteiniphilum,Pseudomonas,Romboutsia,Ruminococcus,Sedimentibacter,Smithella,Sphaerochaeta,Spirochaeta,Streptococcus,Synergistes,Syntrophaceticus,Syntrophobacter,Syntrophomonas,Syntrophorhabdus,Tannerella,Tepidanaerobacter,Thauera,Thermoanaerobacter,Thermodesulfovibrio,Thermovirga,Treponema,Turicibacter,Victivallis,g__unclassified_root
서울_spring,1.2896,0.0,0.0,0.0,0.0,0.0,0.6032,0.3851,0.0,0.3742,0.0,0.3169,0.0,0.7296,0.0,0.0,0.0,0.0,0.6327,0.2642,0.0,0.0,0.0,0.9596,0.2274,0.0,0.0,4.7739,0.0,0.0997,0.2691,0.0,2.719,1.2198,0.1687,1.55,0.0,0.1364,0.7338,0.0955,0.0,0.0,0.0,0.0821,0.5272,3.1012,0.0,0.0,0.0,1.1603,0.0,0.0,0.6513,6.4689,0.0,6.0875,0.1175,0.0,0.0,4.8034,3.1047,2.0303,0.285,1.6032,0.1493,0.1582,0.0,0.1466,0.2119,0.0,0.127,0.0,0.0,0.0,0.0,0.09,0.0,36.9095,0.1338,0.0,0.0,1.1743,0.3515,1.5154,1.5416,0.0,0.3005,0.0,0.0,0.0,0.0,0.9349,0.0,0.0,2.3046,6.3801
서울_summer,1.3956,0.842,0.0,0.0,0.0,0.0,0.0,0.1456,0.0,0.0,0.0,0.4985,0.0,1.5034,0.0,0.0,0.3678,9.0894,1.4106,0.7041,0.2017,2.1337,0.3478,0.98,0.0,0.0,0.5647,3.0257,1.8693,5.8419,0.0,0.1661,0.3803,0.8426,0.0,0.0,0.9581,0.0,0.2965,0.1862,0.2111,0.0,0.0,0.0,0.4367,0.5656,0.0,0.0938,0.0,1.3613,0.2943,0.0,0.4172,0.5155,0.0979,2.2204,0.0,0.0,2.722,0.1899,1.1071,0.0,1.4286,0.0,0.0,0.0,0.6756,1.5592,0.0,0.0853,1.7906,0.721,0.0,0.0,0.0826,0.2623,0.2391,0.0,0.0,0.0,0.3817,30.9977,0.1538,0.3149,1.4753,0.0,0.0,0.0,0.0839,1.1969,0.4536,0.0,6.6867,2.2326,0.0,5.1943
서울_autumn,0.0,0.0,0.0,0.0,0.8012,0.0,0.1428,0.0,1.1445,0.0,0.0,0.0,0.0,1.1482,0.9029,0.0,0.0,6.6731,0.4496,0.0,0.0,1.0016,0.0,1.1833,0.0,2.3309,0.1375,1.4634,14.0836,0.0,0.247,0.0,0.0,1.8206,0.3381,0.0,0.0,0.0,1.5272,0.3017,0.0,0.0,0.0,0.0,1.7448,7.7286,0.0,0.17,0.0,0.123,0.0,0.0,0.0946,3.1829,0.0,0.2795,0.1356,0.0,0.2676,0.6452,0.0909,6.8655,0.0,0.0,0.0,0.6192,0.0,0.1513,0.286,0.4326,0.0,0.0,4.5763,0.0,1.286,0.0,0.0,3.253,0.0,0.0,2.1027,0.0,0.0,0.2683,1.5394,0.551,1.9285,0.353,0.0,0.0,0.0,1.2372,2.4849,0.0,0.0,21.9052
서울_winter,0.0,0.0,0.0,0.0,0.0,0.0,0.0,0.0,0.0,0.0,0.0,0.0,0.0,0.1183,0.0854,0.0,0.0,0.0,0.9751,0.0,0.0,0.0,0.0,6.4934,0.0,1.0199,0.0,10.4775,0.0,0.0,0.1142,0.0,0.1004,0.0,0.0,1.2968,0.0,0.0,0.0,0.0,0.0,0.0,0.0,0.0,0.0,0.8837,0.0,0.0,0.0,0.0,0.0,0.0,0.7764,0.0,0.0,0.0,1.4263,0.0,0.7504,0.1141,3.0408,4.5028,0.0,0.0,0.1015,0.0,0.0,0.0,0.0,0.7747,12.2575,0.0,0.0,0.0857,0.0,4.8303,0.0,0.0,0.0,0.6673,0.0,16.7165,0.0,0.0,0.2124,2.9057,0.0,0.0,0.4929,0.0,0.0,12.9185,0.0,0.0,0.0,15.8616
부산_spring,0.1012,2.0444,0.0,0.0,0.0,0.0,0.0,0.6005,0.0914,0.0,0.0,0.0,0.2288,0.994,0.0,0.0,0.0882,0.0808,0.0,0.0865,0.142,0.0,0.1982,13.9586,0.0,0.0977,0.9787,0.2949,0.0,0.0,0.0,0.1364,1.0454,1.7976,0.0,0.0,5.5579,0.1349,0.0,0.0893,0.1913,0.0,0.0,0.0,0.0,2.1105,5.9413,0.0,0.7811,0.0945,1.8022,0.1285,4.183,2.0568,0.0,0.2817,0.6389,0.0,0.1757,1.1563,0.6827,0.7267,0.0942,0.1305,0.0,5.3327,0.0,0.1075,0.0,1.3422,1.6473,0.0,0.0,1.1747,18.421,0.961,1.2616,0.0,1.1407,0.0,0.4287,0.0,0.4411,0.0,1.0466,0.1249,0.0,0.0,0.0,0.0,8.9016,0.0,0.0,0.0,0.1883,7.557
부산_summer,17.0178,0.0,0.4102,0.0,0.0,0.0,0.0,1.8531,0.0,0.0,0.0,0.0,1.6146,0.156,0.0,0.0,2.1649,0.0,0.1437,0.0,0.0,0.0,5.1022,0.3598,0.0,0.3544,0.7325,0.0,0.0,0.0,0.243,0.0,0.0,0.5875,0.0,0.0,0.0,0.0,0.1449,0.4172,0.0,0.0,0.0,0.0,0.0,0.0,0.1396,0.0,3.5988,0.0,0.0,0.0,0.0,0.0,0.0,9.5465,0.785,0.2433,0.0,5.0816,2.4388,0.0,0.0,0.9323,0.0,0.0,0.0,2.6265,0.0814,0.0,0.0,0.0,0.0,0.0,0.3175,0.0,9.5526,3.6894,0.4303,0.0,0.0,0.0,0.0,0.0,20.4223,0.0,0.1908,0.1535,0.0,0.0,0.2532,0.0883,0.1021,0.7405,0.0,7.2838
부산_autumn,0.1699,0.0,7.3743,0.0,0.0,0.0,0.0,0.0,0.5634,3.9794,0.8175,0.8472,0.0,1.5844,2.7271,0.1226,0.0,0.0,0.411,0.0,0.0,0.0,0.0989,0.9156,0.9865,0.0,0.212,7.213,3.1823,1.7297,0.1364,0.0,0.0,0.1085,0.0,0.3539,0.0,0.0,1.996,0.0,0.0,0.0,11.4253,0.0,0.1308,0.0,12.1696,0.1134,0.0,0.1294,0.0,0.1842,0.625,0.1173,0.7543,1.7315,1.2468,0.0,0.0,0.8508,4.8127,1.5932,1.4645,0.0,0.0,0.1599,0.316,1.2543,0.0,0.3378,0.1791,0.0,1.7401,0.0,0.0,0.0,0.0,0.0,0.0,0.0,0.0,0.0,0.0,3.8553,0.0,1.1073,0.0,0.0,0.0,0.0,0.0,0.0967,1.248,1.7026,0.0,15.1243
부산_winter,2.5521,0.0,0.0,0.1998,0.1696,0.0,0.0,0.146,0.0,0.0,0.0,0.0,4.189,0.0,0.0,1.0852,0.0,3.1487,0.0,5.2063,0.0,0.3349,0.1836,0.6123,0.0,1.7093,0.1814,0.1169,0.0,0.1713,1.0001,0.0,0.1482,0.0,0.2952,0.0,0.0,0.0,14.5735,0.0,0.1552,0.0,0.0,0.1799,0.0,4.5006,0.1746,0.0,1.5036,2.9526,0.0,0.1434,0.1665,0.0,0.0,1.0773,1.2001,0.0,4.3072,1.99,4.905,4.4666,0.0,0.0,0.0,0.0,0.0,0.0,0.1123,0.0,15.4056,0.0886,0.0,0.0,0.0,3.3949,1.0376,1.3552,0.1362,0.0,0.0,0.0,6.5194,0.0,4.0205,2.9133,0.0,0.0,0.7291,0.0,0.0,0.0,0.0,0.0,0.1591,0.3823
대구_spring,0.9398,0.0,0.1317,0.0,0.0,0.0,0.0,2.7806,0.0,1.629,0.0,0.0,0.0,3.3925,0.0,4.9163,0.0,0.0,0.0,0.0,0.0,0.0,1.012,0.0,0.0,2.878,0.0,9.5307,0.0973,0.0,0.0,1.923,0.0,0.111,0.3853,0.0,0.0,0.0,0.0,1.8512,1.3309,0.0,0.0,1.04,0.0,0.141,0.0,0.1448,0.0,0.0,0.0,0.0,0.0,0.0,1.5775,2.9113,12.2005,1.8735,0.0,0.1536,6.5449,0.0,0.0,0.0,1.8246,0.0,0.8299,1.5852,0.0,8.8144,0.1013,0.0,0.5146,4.8071,9.7404,0.0,0.9016,0.0,0.0,0.0,0.0,0.0,0.0,0.0,0.1546,0.0,0.0,4.4402,0.0,0.0,0.0,0.0,0.0,2.2395,0.0,4.5503
대구_summer,1.8283,0.0,0.0,0.0,0.0,2.4803,0.1952,0.0,0.0,8.128,0.0,0.0976,0.0,2.7715,11.4866,0.0,2.2569,0.0,0.0,0.6786,0.0,0.0823,2.5088,0.2845,0.1978,0.1047,0.0,15.9719,3.3914,0.0,1.4481,0.111,0.0,0.2109,0.0,0.0,1.3121,0.0,0.0,0.0,0.0,0.1876,0.0,0.114,0.0,0.3462,0.0,0.2864,1.7375,1.2686,0.0,0.4024,0.0,2.8362,0.0,1.4263,0.0,0.3006,0.0,1.0928,7.3673,0.0,1.9376,0.128,0.0,0.0,0.0,4.8057,0.0,0.1614,0.1045,0.398,0.0,0.0,0.0,0.0,0.7227,0.1257,0.0,0.0,0.0,0.102,0.1437,4.8808,0.0,0.3719,0.0,1.7077,0.0,0.0,0.0,4.0373,1.7101,0.1282,0.0,5.6223
대구_autumn,1.5114,14.5437,0.359,0.0,0.0,0.0,0.0,0.0,0.0,0.0,0.0,0.0,0.0,12.7606,0.1517,0.0,0.0,0.0,0.0,0.0,0.0,0.0,0.0,0.2938,0.0,0.0,0.0,0.083,1.2375,0.0,2.3934,0.0,0.0,0.0,0.0,0.0,0.9886,0.0,0.0,0.0,0.1872,0.194,0.0,0.0,0.0,0.2435,0.8118,0.1775,0.0,2.2097,2.502,0.0,0.2041,0.2446,0.0,2.8405,0.0,18.6433,0.0,0.0,7.7934,0.0,0.0878,1.9922,0.0,0.0,0.1101,0.0,0.0,0.0,2.7744,0.0,1.4623,2.8933,0.0,0.0,0.0,0.1719,0.5085,0.0,0.0,0.0,0.1244,2.2831,3.7481,0.0,0.0,0.0,0.0,0.0,0.0,0.0,0.2262,0.0,0.0,13.2432
대구_winter,0.0,0.0,0.0,0.0,0.0,0.0,0.0,0.0,0.0,0.0,0.0,0.0,0.0,0.1064,0.8646,0.0,10.2942,0.5887,0.0,1.2771,1.8068,0.0,0.0,0.1586,0.0,0.0,0.8924,1.051,0.0,0.0,0.0,0.0,0.0,0.0,0.0,0.0,0.0,0.0,0.0,0.0,0.0,0.0,0.0,0.0852,0.0,0.1455,0.0,2.4373,0.0,0.0,0.1403,0.0,0.0,0.0,0.0,21.1514,0.0,0.0,0.0,12.2766,20.4573,0.4985,2.7076,0.0,3.1549,0.0,0.0,3.0461,0.0,0.0,0.1585,0.1538,0.0,2.659,0.0,0.1153,0.2988,0.0,0.0,0.0,0.0,0.0981,0.1547,0.0,0.5384,0.0,0.0,0.0,0.0,1.0871,0.0,0.0,0.0,0.0,0.0,11.5958
인천_spring,0.0,0.0,0.0,0.0,0.0,0.0,0.0,0.0,0.0,0.0,0.0,0.0,0.0,0.1096,0.0,0.0,0.1178,0.0,0.0,0.121,0.2024,0.1067,0.0,0.0,0.0,0.1349,0.0,0.1457,0.0,0.0,0.4223,0.0,0.0,0.0,0.0,0.0,0.0,0.0,0.0,0.097,0.0,0.0,0.0,0.0,0.0,0.0,0.0,0.0,0.0,0.0,2.1495,0.0,0.199,0.1422,0.0,14.4018,0.0,0.0,0.0,5.0323,12.1887,0.0,0.0,0.0,0.0,0.0,0.1109,0.0,0.0,0.0,0.0,0.0,0.1569,0.0,0.0,0.0,0.0,62.1427,0.0,0.0,0.0,0.0,0.0,0.0,0.0976,0.0,0.0,0.0,0.0,0.0,0.0,0.0,0.0,0.0,0.0,1.921
인천_summer,0.0,3.2238,0.0,0.25,0.0,0.0,0.2429,0.1376,0.1739,0.0,0.0,3.5296,0.0,0.5409,0.0,0.0,2.233,1.1509,0.0,0.0,0.0,0.0,0.0,1.9754,0.0,0.3777,0.3847,0.3212,0.4601,0.0,0.0,0.0,0.3757,0.0,0.159,0.745,0.0,0.0,0.0,0.2207,0.0,0.1287,0.0,1.2254,0.0,0.0,0.4417,0.0,0.805,1.0654,0.859,0.0,1.9619,0.369,0.4086,21.9952,1.8995,0.3855,0.0,9.4065,5.6511,0.0,0.0,0.0,0.3258,0.0,0.0,0.7933,0.0,0.0,2.4301,0.0,0.2673,0.0,0.0,0.64,0.3463,1.7227,0.0,0.6861,0.0843,0.1392,0.0,0.0,2.9921,2.6776,1.0366,9.6261,0.0,0.0,0.0,0.0,0.9825,0.0,1.0683,11.0771
인천_autumn,0.0,29.216,0.0,0.0,0.0,0.3382,0.0,0.0,0.0,0.2195,0.0,2.224,0.0,1.2179,0.0,0.0,0.0,0.1548,0.0,0.0,0.0,0.0,0.0,0.5602,1.1238,0.1594,0.0,1.2472,0.0,0.0,0.4091,0.0,0.2275,0.0,0.0,6.2117,0.0,0.5189,0.0,0.0,0.0,0.0,0.7406,0.6674,0.0,0.0,0.0,0.8695,1.194,0.3473,0.0,1.5496,0.1699,0.0,0.1262,0.2406,1.4316,1.3795,0.2543,1.2191,2.8788,0.1042,0.1868,2.0213,0.0,0.6069,0.2422,0.0,0.1982,0.0,0.0,1.0942,0.2637,0.4643,0.0,5.3647,2.1321,0.0,0.0,0.5151,0.0,1.44,0.2889,1.5185,0.5129,2.1219,1.5729,0.0,1.508,0.0,1.6693,0.0,0.0,0.0,0.0,19.277
인천_winter,0.0,1.6039,0.0,8.4339,0.0,0.1282,0.0,0.0,0.0,0.0,0.2622,0.0,0.0,0.13,0.0819,0.0,0.109,4.2077,0.0,0.7173,3.7934,0.0,0.0,1.1711,0.1176,1.509,3.5554,0.7561,0.0,1.5558,0.0,0.0,0.0,0.0,0.0,0.0,0.0,0.1178,0.0,0.0,0.0,0.0,0.1206,0.2581,0.0,0.0,0.0,0.6607,0.2711,0.0,2.431,0.0,0.0,1.787,1.3621,5.9406,0.1143,0.0,0.0,3.3376,3.947,0.128,0.0,0.0,1.3332,1.3384,10.5148,0.0,0.0,1.3364,6.0266,0.0,0.7073,0.0,0.0963,5.1665,1.4565,0.0942,0.0,0.0,0.0,0.131,8.961,0.235,1.7704,0.0,0.0,0.0,0.0,0.0,0.0,0.0,1.1792,0.0,0.0,11.0445
광주_spring,4.7492,0.0,0.0,0.0,0.3187,0.0,0.0,0.0,0.0,5.8497,0.0,1.9559,0.0,0.2091,0.1337,0.0,0.4959,0.0,1.1057,0.0,0.0,0.0,0.0,3.0244,2.9183,0.2041,0.0,3.8401,0.0,0.4405,0.8638,0.1399,0.0,0.0981,0.0,0.0,0.0,2.1623,0.0,0.7597,0.0,0.0,0.0,0.0,0.0,0.0,0.0,0.0,0.0,0.0,0.7402,0.0,1.9365,0.2996,3.7537,0.197,0.2352,0.0,0.1661,0.9043,1.8212,14.3657,0.7546,0.0,0.1898,0.5824,0.2278,18.938,0.0,0.0,0.0,0.2204,0.0,0.4034,0.1075,0.0,0.1033,0.0,0.179,6.6176,0.2247,0.0,0.1394,0.0,2.0254,1.4962,0.0,0.1345,0.0,0.0,0.0,1.191,0.9525,0.0,0.2434,11.5806
광주_summer,0.624,1.8019,0.8242,0.0,0.0,3.0433,0.0,0.0,0.0,1.5856,0.0,4.0102,0.0,0.0,0.0,0.0,0.0,0.1347,0.9482,0.0,0.0,0.0,0.0,1.0267,0.462,0.0,0.3263,0.5724,0.0,0.0,0.0,0.0,0.0,2.4056,0.0,0.0,0.0,0.3465,0.6181,0.0,0.0,0.0,0.0,0.5503,0.0,0.0,5.7758,0.1549,1.2825,0.9607,0.0,0.0,0.0,0.2453,0.0,22.081,0.9396,0.8987,4.9659,8.5602,1.4765,0.0,0.7825,0.0,0.0,1.9477,0.0993,0.0,6.1786,0.2037,0.1964,0.1254,0.0,0.0,0.0,0.7129,1.9166,0.0,0.0,0.0,0.0,1.5557,0.0,0.0,7.9016,2.8949,0.0,0.3414,0.0,7.1149,0.0,0.3883,0.0,0.0,0.0,1.0187
광주_autumn,0.1192,0.0,0.0,0.0,0.0,0.0,0.0,0.0,0.0,0.0,0.0,0.0,0.0,1.4462,0.0,0.0,0.0,0.247,0.3282,0.0,0.0,0.0,0.1049,0.0,0.0,9.1095,0.0,0.0,0.0,0.2096,0.0,0.0,0.0,0.0,0.0,0.0,0.0914,0.0,0.0,0.0,0.0,0.0,0.0,0.15,0.0,0.0,0.0,0.0,0.0,0.0,4.603,2.1669,0.3035,0.0,0.0,1.1682,0.1661,0.1154,1.6652,1.807,1.4579,0.0,0.0,0.0,0.0,8.4687,0.0,0.6114,0.0,0.2017,2.8202,0.0,0.0,48.6969,2.1219,0.5753,0.0,0.0,0.0,0.0,0.0,0.0,0.1186,0.0,0.1203,0.0,0.0,0.0,0.0,1.9385,0.0,0.0,0.2109,0.0,0.0,8.8562
광주_winter,1.2949,0.0,0.0,0.0,0.4596,0.1434,0.0,0.0,0.0,0.1381,0.0,0.0,0.0,6.5913,0.0,0.0,0.0,3.0409,0.0,2.1923,0.2585,0.0,2.3665,0.2997,0.0,0.1054,0.0,7.7466,0.0,0.0,0.0,0.0,7.0383,0.0,2.025,0.0,0.0,0.0,0.0,1.2516,0.0,0.0,0.0,0.0,0.0,0.0,0.0,2.5597,0.1327,0.1555,1.5473,0.0,0.0,0.2328,0.0,6.9082,0.0,0.0,0.0,2.9072,2.6432,0.1942,1.5913,0.0,0.1574,6.6497,2.5668,1.5858,0.0,0.0,0.3076,1.1187,0.0849,0.0,0.0,0.9724,0.0,0.0988,1.0246,0.0,0.0,0.0,0.3671,0.0,2.0761,6.3144,0.0,0.0,0.0,0.0999,0.1886,0.0,0.1331,0.0,0.1075,22.3221
대전_spring,0.9454,19.937,0.0,0.0825,0.0,0.0,0.0,0.091,0.0,0.0,0.4496,0.0882,0.0,0.0,0.0,0.0,0.0,0.0,0.0,0.6348,0.0,0.0,0.0,4.668,0.4109,0.0,0.1226,0.1747,0.0926,0.0,0.0,0.4106,4.105,0.2571,0.0,0.0,0.0,0.1504,0.0,0.1979,0.0,0.0,0.0,0.0913,0.0,0.0,1.0052,11.158,0.0,0.1273,0.0,0.0,0.2472,0.1873,0.3348,4.7602,0.0,0.0,0.0,2.0702,0.167,0.7624,0.0,0.0,0.0,0.0,0.0,1.4574,0.0,0.0,0.9718,0.0,0.7987,0.0,2.4862,0.0,0.0,0.3037,0.0,0.0,1.3773,0.9252,0.0,14.1768,0.9352,0.1431,0.0,0.7566,2.7991,0.2141,0.0,0.0,0.0,0.0,0.0,18.9256
대전_summer,0.0,0.0,0.0,0.8661,0.3745,0.0,0.0,0.4996,0.0,0.0,0.3843,1.9295,0.0,2.5334,0.0,0.0,0.0,0.3604,0.0,0.0,0.0,0.0,9.9086,0.0,0.0,0.326,0.1796,2.8977,0.0,0.0,2.3496,0.0,2.4249,3.1325,0.0,0.0,0.525,0.3265,0.0,0.4965,0.0,0.0,13.0791,0.0,0.0,0.0,0.0,0.0,0.0,6.8803,0.0,0.0,1.2074,5.3316,1.079,0.0,0.0,1.2041,11.1688,1.3748,0.7449,0.1117,0.654,0.0,0.2053,0.707,0.0,0.412,0.0,0.0,0.0,0.0,0.0,0.0,0.0,0.0,0.0,1.1596,0.0,0.4768,0.0,0.0,0.2246,0.0,2.5833,0.8739,0.905,0.0,0.1981,6.1842,0.0,0.0,0.0,0.0,0.0,13.7197
대전_autumn,0.0,7.4818,0.0,0.0,0.0,0.0,0.9433,6.4116,3.4381,0.0,0.0,0.0,0.0,0.0,0.0,0.8789,0.1754,0.0,0.0,0.0944,0.0,0.0,0.0867,3.9336,0.0,0.0,0.9245,0.7243,0.5748,0.0,0.0,0.0,10.2897,0.0,1.4126,0.0,1.5103,0.0,5.4638,0.0,0.0,0.0,0.0,5.8604,0.0,0.0,0.0,0.1177,2.0225,3.5036,0.0,0.0,0.7308,0.0,0.0,1.9138,0.0909,1.9475,0.0,1.5347,3.2071,1.2823,0.0,0.0,0.0,0.1082,0.9067,0.095,0.0,5.1062,3.8188,0.1672,12.72,0.0,0.0,0.1021,0.1141,1.0173,2.7578,0.1122,0.0,0.0,0.0,0.1491,0.3972,0.0,0.0,0.0,0.0,0.0,0.0,0.9302,0.0,0.0,0.0,4.9428
대전_winter,0.0,0.0,0.0,0.1619,1.7747,0.0,0.0,0.0,0.0,0.0,0.0,0.0,0.0,0.0,0.0,0.0,0.0,0.0,0.0,4.3519,0.0,0.1025,0.0,16.3481,0.0,0.0,0.0,34.6263,0.0,0.0,0.0,0.0,0.0,0.0931,1.118,0.0,0.0,0.0,0.0,0.0,0.0,0.0,0.0,0.0,0.0,0.0,0.0,0.0,0.1039,3.4914,0.0,0.0,0.9608,0.0,0.0,0.2124,2.0048,0.0,0.1104,0.0,0.0,4.3015,0.0947,0.1798,0.0811,0.0,0.0,0.0,1.7336,0.0,0.0,0.0,0.0,0.0,0.0,0.0,8.5797,0.2154,2.4072,0.0,0.2362,0.0,0.0,8.0746,0.0,0.0,0.0,0.0,0.0,0.0,2.0605,0.0,0.1961,0.0,0.0,6.3794
울산_spring,0.0,0.0,0.0,0.0,0.0,1.2487,0.0,0.0,0.0,0.0,0.0,0.0,0.0,0.2009,0.2916,0.0,0.0,0.6753,0.0,0.0,0.13,1.6612,0.0,1.393,0.0,0.5289,0.0,32.442,0.4737,0.2924,0.1833,0.0,0.0,0.0,0.0,0.0,0.0,0.0,0.2613,0.1003,0.0,0.0,0.0,0.0807,0.0,0.0,0.0,3.713,0.0,0.0,0.0,0.6107,0.9333,0.1769,0.0,0.0,0.0811,0.1209,0.6302,0.0,0.5374,1.8343,1.8424,0.1057,0.0,1.6804,0.0,0.0,0.0,0.0,0.1093,0.8268,0.0,1.8086,1.0568,0.0,6.7482,0.0,0.0,0.0,2.8577,0.0,0.0,1.8534,1.6921,0.1536,0.0,1.7643,0.0,0.0,0.0,0.0,6.8328,0.1739,0.0,21.893
울산_summer,2.2625,0.0,0.0,0.0,0.0,0.0,0.5003,0.0,0.0,0.1575,0.0,0.0,0.0,0.0,0.1012,0.0,0.0,0.0,0.34,0.0,0.5579,0.2566,0.0,0.2026,0.0,0.1511,0.6874,61.9728,0.0,0.2362,0.0,0.2117,0.0,0.0,0.0,0.0,0.179,0.0,0.1259,0.0,0.0,0.0,0.0,0.0,0.0,0.0,7.6914,0.0,0.0,2.6702,0.2284,0.0,0.0936,0.0,0.0,1.0538,0.0,0.0,0.1094,0.0,0.5683,2.2151,0.0,0.0,0.0,0.0,0.0,0.0,0.0,0.0,0.1044,0.0,0.0,0.0,0.0,2.4151,0.3976,0.0,0.0,0.0,0.0856,0.4752,0.0,0.2922,0.0,1.1983,0.0,0.0,0.0,4.749,0.0,0.0,0.1266,0.359,0.0,7.2242
울산_autumn,0.0,0.097,0.0,0.0,0.0,1.48,2.7521,0.0,0.0,0.0,0.0,0.0,0.0,1.6409,0.2261,0.0,0.0,0.0,0.0,0.0,0.0,0.0,0.0,0.1398,1.5173,0.0,0.0,0.2508,0.0,0.0,0.1209,0.0,0.1897,0.0,3.087,0.1503,0.6607,0.0,0.0,0.0,0.0,0.0,0.3172,0.0,0.0,0.0,0.0,0.0,4.9745,0.0,0.0,0.0,2.4085,3.9207,0.0,0.1255,0.0855,0.0,0.0,0.5842,3.8117,1.4384,0.0,0.0,0.0,0.0,0.1744,0.0,0.0,6.6156,0.1188,0.0,0.0,0.0,0.0849,0.0,9.6727,0.0,0.0,0.0,5.1595,0.0,0.0,0.113,0.4626,0.9014,0.0,0.0,0.0,0.0,0.0,0.0,0.1812,0.0,0.0,46.5369
울산_winter,0.0,0.0,0.0,0.0,0.0,0.0,0.0,0.1522,0.0,0.0,0.0,0.0,0.1289,0.1387,0.0,0.0,0.665,0.0,0.0,0.2892,4.2089,0.0,0.0,5.4932,0.7929,4.2662,0.0814,3.9363,0.0,0.0,2.8278,0.0,0.0,0.1697,0.468,0.0,0.3221,2.0258,0.0,0.0,0.0,0.0,0.2106,0.169,0.0,2.4475,0.0,0.0,0.0,0.0,0.0,5.6981,0.099,1.6652,0.5758,0.1991,0.0,0.0,0.0,0.0,0.3419,0.371,0.8615,0.0,0.1024,0.0,0.0,2.2147,0.0,0.0,2.0453,0.0,0.0,0.0,0.0,0.0,0.0,0.1377,0.0,0.0,0.0,17.5879,0.1297,0.0,0.391,0.0,0.0,2.4243,0.0,0.0,0.0,0.0,0.2735,0.081,0.1215,35.8859
수원_spring,0.0,0.1274,0.2445,0.2344,0.0,0.0,0.3017,0.0,0.0,0.0,0.0,1.2383,0.0,8.142,0.0,0.0,0.4296,3.3166,5.6896,0.0,0.8187,1.195,0.0,0.8854,0.3904,2.6071,0.2815,0.1886,0.0,0.0,0.0941,0.0,1.9957,0.0,0.0,0.0,0.0,0.3011,0.0,1.6251,0.0,2.5761,0.0,0.1104,0.0,0.0,2.3382,0.2913,2.8983,0.8422,0.2422,2.0683,0.0,0.0,0.1,0.6049,0.0,2.2251,0.0,3.4949,0.4772,0.4052,0.0,0.0,0.0,0.2042,0.2181,7.147,0.0,0.0,0.173,1.2227,0.5749,0.0,0.4395,0.1077,3.6601,0.4286,1.6187,0.0,2.6136,0.9749,0.0,0.0,0.5571,1.2718,0.0,0.0,0.1051,5.2709,0.0,0.0,2.4077,0.0,0.5613,21.6621
수원_summer,0.0,3.6884,0.0,0.0,0.0,0.0,0.0,0.0,0.0,0.0,0.0,0.0,9.6731,0.0,0.0,0.0,0.4425,0.103,0.0,0.0,0.0,0.0,0.451,0.2375,0.0,0.0,0.0,0.5852,2.8915,0.0,0.0,0.0,0.0,4.0652,0.0,0.0,0.0,0.0,0.0,0.1655,0.0,0.0,0.0,0.0,8.0522,0.0,0.0,0.9764,5.8275,0.0,0.0,7.427,0.0,0.0,0.0,1.1084,0.0,4.8339,0.0,35.7097,2.2167,0.0,0.0925,0.0,0.0,0.125,0.0,0.0,0.0,1.8137,0.0,0.0897,0.265,0.0,0.0,1.7971,0.0,2.718,0.0,0.0,1.4584,0.0,0.0,0.6995,0.1095,0.0,0.611,0.0,0.0,0.0,0.0,0.0,0.0,0.0,0.0,1.7657
수원_autumn,0.5581,1.9065,0.0,0.0,0.0,0.0,0.0,0.0,0.2058,0.1195,0.0,0.0,2.0186,8.8093,0.0,0.0,0.0,1.7055,0.0,0.0,0.0,0.1871,0.0,0.4886,0.1773,0.0,0.0,0.9542,0.0,0.0,0.0,0.0,0.0,0.1467,2.624,0.0,0.0,0.0,0.0,0.0,0.0848,0.0,0.0909,5.5161,2.4304,0.0,0.0,2.1175,0.0,6.0887,0.0,0.0,0.0,0.0,0.0,1.1839,0.0,0.0,0.1441,0.2887,2.1549,7.7453,0.0,0.0,0.0,1.0426,6.9486,7.0185,0.0,0.0,0.1287,0.0,0.0,0.1033,0.0,0.0,0.0,0.1153,0.0,0.0,0.1151,0.0,0.0,1.9988,16.0542,3.062,0.0,1.4387,0.0,0.1925,0.0,0.0,5.203,7.4733,0.6409,0.7179
수원_winter,0.0,0.0,0.0,0.0,0.5885,0.0,0.0,1.0704,1.7159,0.119,4.6035,0.1205,0.3799,0.0,0.2791,0.2881,0.1379,1.7736,0.0,0.0,2.3033,0.0,0.0,22.2396,0.0,1.8698,0.0,1.2059,0.2128,0.0,0.0886,0.0,0.0,0.0,0.0,0.1938,0.0,0.0,0.0,0.2125,0.0,0.0,0.0,0.7395,0.0,1.6254,0.0,0.0,9.0052,17.0505,2.1761,0.0,0.0,0.2857,0.0,0.1124,0.2241,0.0,0.6795,5.0667,3.8005,3.8774,0.5127,0.1329,0.0,0.1443,0.9559,0.0,0.1995,0.0,0.2046,0.2612,0.2607,0.0,0.1734,0.1906,0.0,0.0,0.0839,0.0,0.0,0.1597,2.6249,0.2074,0.4362,0.0,0.8175,0.0,0.0,1.3523,0.0,0.0,4.2252,0.7468,0.2282,2.0367
창원_spring,0.0859,0.0,0.0,0.0,17.3177,0.0,0.0,5.8612,0.0,0.1114,0.0,0.0,0.0,21.317,0.3421,0.0,0.0,0.5509,0.0,0.0,0.2175,0.0,0.0,2.2016,0.0,0.1943,0.0,0.0,0.0,0.7458,0.0,0.0,0.0,0.0,0.0,0.0,2.7454,0.0,0.0,0.1899,0.0,0.1529,0.0,0.0,0.0,0.0,0.0,0.0,0.0,0.091,0.0,0.0,0.163,1.9021,0.1492,0.1825,0.0,0.0,0.0,0.0,0.0821,0.0,0.0,0.0,0.3007,0.0,0.0,0.0,0.0,0.0,0.0,0.5498,0.2601,0.0,0.0942,0.282,31.2983,0.0,0.0,0.0,0.0,0.0,0.0,0.9268,0.1235,0.0,0.0,0.2778,0.0,5.4818,4.2324,0.0,0.0,0.0,0.0,1.569
창원_summer,0.8976,0.1441,0.0,3.9267,0.0,1.0115,0.0,0.0,0.0833,0.0,0.0,0.0,0.0,4.3913,0.0,2.0926,0.0,3.3654,0.3621,0.0,0.0,0.0,0.0,0.0,0.0,0.0,0.0,0.442,0.0,0.0,0.2817,0.6414,0.0,0.0,0.0,0.0,0.0,0.0,1.4525,0.0,0.0,0.0,0.0,0.0,2.5075,0.0,0.96,0.0,0.256,0.2126,0.0,0.0,0.0,0.0,0.0,4.221,0.0913,0.0,0.0875,2.1235,9.5677,1.0343,2.0177,0.0,0.4037,0.0,0.0,0.1281,0.3165,0.0,0.0,0.2201,1.2828,0.0,0.2635,0.1085,41.169,4.6092,0.0,0.0,0.6616,0.1228,0.096,0.0,3.2458,0.0,0.0,0.0,0.4883,0.0,0.3972,0.0,0.0,0.0,3.806,0.5096
창원_autumn,0.0,0.1279,0.0,0.0,0.8577,0.0,0.0,0.0,0.0,0.0,0.0,0.0,0.0,0.1897,0.0,0.0,0.0,1.8639,0.0,0.0881,0.0,0.2232,0.0,0.1872,0.0,0.0,0.0,0.0,0.0,1.9648,0.0,0.0,0.0,0.0,0.1182,0.0,0.0,1.9302,0.2114,0.4129,0.0,0.1099,0.2865,0.0,0.0,0.0,0.0,0.0,0.0,0.0,0.0,0.0,4.1296,0.0,0.0,18.6722,0.0,0.0,0.8394,0.1733,0.5834,4.4373,0.0,0.0,0.0,0.3861,0.0,0.0,0.0,0.1423,0.0,0.0,4.9993,0.9087,0.0,0.0,0.663,32.2715,0.0,0.0,0.0,0.1585,0.0,0.1167,10.0971,0.0,0.0,4.0386,1.1761,0.0,0.0,2.381,0.0,0.0,0.2994,4.9549
창원_winter,2.2669,0.0,0.0,0.1528,0.0,0.0,0.0,1.7888,0.0,0.0856,0.0,0.0,0.0,0.0,0.7842,0.0,0.0,0.0,0.23,3.3987,0.1672,0.0,0.0,10.0612,1.7914,0.8308,0.0,0.545,0.1666,0.5596,0.0976,0.0,0.0,0.0,6.5714,0.0874,0.0,0.1239,0.0,0.0,0.0,0.3969,0.0,0.0,0.0857,0.2359,0.0,0.0,0.0,5.4562,0.7053,3.7966,0.0,0.0,2.0457,0.2736,0.0,0.0,0.0,8.4431,0.5819,2.1192,0.1126,0.0,0.0,0.0,0.0,0.0,0.0,0.0,0.0,0.2782,0.0,0.0,0.0,0.0,0.5539,30.4721,0.1586,0.0,0.0,0.1159,0.1468,0.8456,6.4581,0.6272,0.0,0.0,0.0,0.0,0.1872,0.0,1.7843,0.0,0.0,4.4102
청주_spring,0.0,0.0,0.0,0.1502,1.0101,0.3507,0.0,0.0,0.0,3.0774,0.7811,0.1209,0.1558,0.4152,0.0,0.0,0.0,3.2253,0.0,0.0,0.0,0.0,0.0,2.7577,0.0,0.0962,0.0,0.1002,0.0,0.0,0.0,0.0,0.0,0.0,0.0,0.0,0.0,0.0,0.0,0.0,0.0,0.0,0.4741,0.3664,1.5559,0.0,0.0,0.0,0.681,2.0444,0.6164,5.087,0.0,8.6919,0.4544,0.4189,0.1485,0.0,0.0,0.1056,25.0431,1.0549,1.0682,0.0,0.6805,0.0,0.0,14.5724,0.0,0.0,0.1035,0.0,0.0,0.0,0.0,0.1195,0.2354,0.5832,0.0,1.3466,0.0,0.0991,0.1228,0.0,1.0578,0.0,0.2471,0.5445,0.3922,0.0,0.0,0.1999,0.0,0.0,0.2433,19.4005
청주_summer,0.2868,0.1486,0.0,0.0,0.0,0.0,0.2167,0.0,0.0,0.0,0.0,0.0,0.0,0.0,0.0,0.0,0.0,0.0,0.0,0.0,0.0,0.0,0.0,0.6357,0.0,1.1225,0.0,0.2096,0.0,0.0,1.6442,0.0,0.1389,0.0,0.0,0.0,0.0846,0.0,0.0,0.5038,0.0,0.0,0.0,0.0,0.0,0.0,0.0,0.0,0.0,2.0872,0.0,0.0,0.0851,0.1167,0.09,41.9165,0.4518,0.0,0.0,23.8636,7.9627,0.0,0.4356,0.0,7.2118,0.0816,0.0882,0.0,0.0,0.0,0.4023,0.1846,0.253,0.0,0.8484,0.0,0.0,0.0,0.0,0.0,0.0,0.0,0.0,0.0,3.9716,0.0849,0.0,0.0,0.0,0.0,0.0,0.0,3.5736,0.2495,0.0,1.0498
청주_autumn,0.1823,0.3625,0.0,0.0,0.0,0.0,0.0,0.234,1.787,0.0,0.1546,0.0,1.8917,0.0,0.0,0.0,0.0,0.0909,0.0,0.0,0.0,0.218,0.0,2.0686,0.0,0.0,0.0,2.0341,0.0,0.0,2.1089,0.0,0.0,0.0,0.0,0.0,0.0,0.0,0.0,0.1956,0.0,0.0,0.0,1.029,0.3371,0.0,0.0,0.0,0.0,0.3025,0.0,13.2651,1.2699,0.0,0.3445,0.1068,0.0,0.0,3.766,2.4396,0.0,0.0,0.2673,0.0,0.0,16.7734,0.0,0.0,0.1831,0.0,0.0,0.0,0.2281,0.0,0.0,0.0,0.0,0.0,0.0,1.35,3.3295,0.1221,0.0,0.0,1.9164,0.0,0.0,0.0,0.4661,2.4361,0.0,0.1882,0.797,0.0,0.0,37.7537
청주_winter,0.0,0.1243,0.0,0.0,4.9661,0.0,0.2749,0.0,0.1207,0.0,0.0,0.0,0.0,0.1999,0.1595,0.0,0.0,1.0281,0.0,1.34,0.2389,0.0,0.1017,1.1494,0.0,0.0,0.0961,0.4467,0.0,0.0,0.0,0.0,0.0,0.0,0.2406,0.0,0.248,0.153,0.1179,0.8704,0.0,0.3505,0.0,0.0,0.0,0.465,0.3564,0.2047,0.0,0.0,0.5324,0.1359,0.0,0.5897,0.0,1.6187,0.1806,0.0,0.3607,14.1633,5.3117,1.4594,0.0858,0.1363,0.0,0.3699,0.4238,0.6981,0.1591,0.0,0.1543,0.0,0.0,0.0,0.0,0.5046,0.0,21.808,0.1634,0.196,0.0,0.0,0.0,0.3447,26.1876,1.9313,0.1048,0.234,0.0,0.0,0.0,0.16,0.1785,0.0,1.2129,7.3419
