sample_id,Acidobacteriota,Actinobacteriota,Armatimonadota,Atribacterota,Bacteroidota,Caldisericota,Chloroflexi,Cloacimonadota,Coprothermobacterota,Deferribacterota,Elusimicrobiota,Euryarchaeota,Fermentibacterota,Fibrobacterota,Firmicutes,Fusobacteriota,Lentisphaerota,Nitrospirota,Planctomycetota,Pseudomonadota,Spirochaetota,Synergistota,Thermotogota,Verrucomicrobiota,p__unclassified_root
서울_spring,0.0,2.4943,0.0,0.0,1.4225,0.0,2.7674,0.9596,0.0,0.0,1.55,23.5486,0.2274,0.7338,8.3635,0.0,2.3046,0.0,0.0,42.4458,0.1338,2.4834,3.5822,0.6032,6.3801
서울_summer,0.0,6.9827,0.0,0.3478,12.8791,2.1337,4.5553,0.98,1.8693,0.1661,0.0,8.6986,0.0,0.2965,14.7103,0.2111,0.0,0.4536,0.0853,1.6217,6.6867,31.5624,0.5656,0.0,5.1943
서울_autumn,0.0,2.546,0.0,0.0,14.2865,1.0016,2.1925,1.1833,14.0836,0.0,0.0,11.5618,0.0,1.5272,11.1228,0.0,0.0,0.0,0.4326,5.8929,2.4849,1.3747,8.2616,0.1428,21.9052
서울_winter,0.0,0.0,0.0,0.0,12.2575,0.0,1.1949,6.4934,0.0,0.0,1.2968,10.6108,0.0,0.0,16.6255,0.0,0.0,0.0,0.7747,3.5847,0.6673,29.635,0.9979,0.0,15.8616
부산_spring,0.0,0.217,0.0,0.1982,9.7059,0.0,1.9589,13.9586,0.0,0.1364,0.0,9.996,0.0,0.0,37.1478,0.1913,0.1883,8.9016,1.3422,4.1426,1.1407,0.9787,2.239,0.0,7.557
부산_summer,0.4102,0.9323,0.0,5.1022,4.6704,0.0,4.3157,0.3598,0.0,0.0,0.0,18.0952,0.0,0.1449,52.4777,0.0,0.0,0.2532,0.0,4.2769,0.5324,0.8208,0.3244,0.0,7.2838
부산_autumn,7.3743,1.8605,0.1226,0.0989,3.3334,0.0,2.2382,0.9156,3.1823,0.0,0.3539,13.1961,0.9865,1.996,37.1341,0.0,0.0,0.0,0.3378,5.0711,1.248,5.1056,0.3206,0.0,15.1243
부산_winter,0.0,5.5472,1.0852,0.1836,18.9955,0.3349,4.4562,0.6123,0.0,0.0,0.0,18.1127,0.0,14.5735,23.8029,0.1552,0.1591,0.0,0.0,5.5255,0.1362,0.1814,5.7564,0.0,0.3823
대구_spring,0.1317,0.0,4.9163,1.012,5.367,0.0,7.2131,0.0,0.0973,1.923,0.0,25.2613,0.0,0.0,31.6547,1.3309,0.0,0.0,8.8144,5.9581,0.0,1.629,0.141,0.0,4.5503
대구_summer,0.0,0.8066,0.0,2.5088,4.9102,0.0823,6.064,0.2845,3.3914,0.111,0.0,14.9608,0.1978,0.0,36.346,0.0,0.0,0.0,0.1614,8.1836,1.7101,12.2673,2.1967,0.1952,5.6223
대구_autumn,0.359,1.9922,0.0,0.0,6.7387,0.0,15.1478,0.2938,1.2375,0.0,0.0,29.8137,0.0,0.0,22.2668,0.1872,0.0,0.0,0.0,5.3483,0.7347,0.0,2.6369,0.0,13.2432
대구_winter,0.0,1.2771,0.0,0.0,3.9336,0.0,5.6986,0.1586,0.0,0.0,0.0,57.0914,0.0,0.0,16.3647,0.0,0.0,0.0,0.0,2.7442,0.0,0.9905,0.1455,0.0,11.5958
인천_spring,0.0,0.121,0.0,0.0,2.3064,0.1067,0.2066,0.0,0.0,0.0,0.0,31.964,0.0,0.0,0.8093,0.0,0.0,0.0,0.0,62.1427,0.0,0.0,0.4223,0.0,1.921
인천_summer,0.0,0.0,0.0,0.0,6.8338,0.0,2.9578,1.9754,0.4601,0.0,0.745,42.0773,0.0,0.0,24.1184,0.0,1.0683,0.0,0.0,6.2514,1.6686,0.5239,0.0,0.2429,11.0771
인천_autumn,0.0,2.0213,0.0,0.0,3.1172,0.0,3.6287,0.5602,0.0,0.0,6.2117,7.991,1.1238,0.0,43.2222,0.0,0.0,1.6693,0.0,6.8458,0.5151,1.6595,2.1569,0.0,19.277
인천_winter,0.0,2.2731,0.0,0.0,14.8288,0.0,2.395,1.1711,0.0,0.0,0.0,16.6166,0.1176,0.0,35.9394,0.0,0.0,0.0,1.3364,9.1494,1.1792,3.9486,0.0,0.0,11.0445
광주_spring,0.0,0.7592,0.0,0.0,22.4229,0.0,2.2643,3.0244,0.0,0.1399,0.0,24.4339,2.9183,0.0,14.5619,0.0,0.2434,0.0,0.0,1.9977,7.7491,7.0407,0.8638,0.0,11.5806
광주_summer,0.8242,0.0,0.0,0.0,2.6253,0.0,3.3463,1.0267,0.0,0.0,0.0,39.9497,0.462,0.6181,30.9964,0.0,0.0,0.0,0.2037,8.8941,0.0,3.8559,6.1786,0.0,1.0187
광주_autumn,0.0,0.2096,0.0,0.1049,16.7503,0.0,1.7744,0.0,0.0,0.0,0.0,6.6833,0.0,0.0,14.1947,0.0,0.0,0.0,0.2017,48.8469,0.2109,0.0,2.1669,0.0,8.8562
광주_winter,0.0,2.6519,0.0,2.3665,15.2412,0.0,10.8482,0.2997,0.0,0.0,0.0,14.4769,0.0,0.0,16.6064,0.0,0.1075,0.1886,0.0,13.5949,1.1577,0.1381,0.0,0.0,22.3221
대전_spring,0.0,0.6348,0.0,0.0,3.4693,0.0,11.4832,4.668,0.0926,0.4106,0.0,8.5291,0.4109,0.0,27.9199,0.0,0.0,0.0,0.0,21.9586,0.0,1.4974,0.0,0.0,18.9256
대전_summer,0.0,0.3745,0.0,9.9086,3.2105,0.0,10.1155,0.0,0.0,0.0,0.0,22.8763,0.0,0.0,27.7494,0.0,0.0,0.0,0.0,8.6551,0.4768,0.5639,2.3496,0.0,13.7197
대전_autumn,0.0,0.0944,0.8789,0.0867,24.5662,0.0,5.6438,3.9336,0.5748,0.0,0.0,10.7071,0.0,5.4638,15.0172,0.0,0.0,0.0,5.1062,17.3165,2.87,1.8547,0.0,0.9433,4.9428
대전_winter,0.0,6.3064,0.0,0.0,1.118,0.1025,3.6764,16.3481,0.0,0.0,0.0,7.6846,0.0,0.0,43.4422,0.0,0.0,2.0605,0.0,8.545,2.6033,0.0,1.7336,0.0,6.3794
울산_spring,0.0,0.3981,0.0,0.0,2.465,1.6612,4.0142,1.393,0.4737,0.0,0.0,6.1565,0.0,0.2613,48.5123,0.0,0.0,0.0,0.0,5.145,6.8328,0.0,0.794,0.0,21.893
울산_summer,0.0,0.2362,0.0,0.0,0.3328,0.2566,3.0102,0.2026,0.0,0.2117,0.0,4.0402,0.0,0.1259,80.9222,0.0,0.0,0.0,0.0,1.4905,0.1266,1.3201,0.0,0.5003,7.2242
울산_autumn,0.0,0.0,0.0,0.0,3.2058,0.0,6.6154,0.1398,0.0,0.0,0.1503,12.3745,1.5173,0.0,17.1059,0.0,0.0,0.0,6.6156,2.6841,0.1812,0.0,0.1209,2.7521,46.5369
울산_winter,0.0,0.2892,0.0,0.0,6.906,0.0,0.2411,5.4932,0.0,0.0,0.0,4.1135,0.7929,0.0,16.764,0.0,0.1215,0.0,0.0,0.4764,0.2735,17.6693,10.9734,0.0,35.8859
수원_spring,0.2445,0.0,0.0,0.0,11.959,1.195,19.4885,0.8854,0.0,0.0,0.0,7.3073,0.3904,0.0,24.4137,0.0,0.5613,0.0,0.0,4.146,4.0264,1.2564,2.1624,0.3017,21.6621
수원_summer,0.0,8.0522,0.0,0.451,1.104,0.0,6.9694,0.2375,2.8915,0.0,0.0,43.9612,0.0,0.0,17.8439,0.0,0.0,0.0,1.8137,7.4827,0.0,0.0,7.427,0.0,1.7657
수원_autumn,0.0,2.4304,0.0,0.0,12.5193,0.1871,17.0155,0.4886,0.0,0.0,0.0,11.5169,0.1773,0.0,37.9565,0.0848,0.6409,0.0,0.0,10.9422,5.203,0.1195,0.0,0.0,0.7179
수원_winter,0.0,0.7214,0.2881,0.0,6.4472,0.0,26.2682,22.2396,0.2128,0.0,0.1938,14.559,0.0,0.0,14.7536,0.0,0.2282,0.0,0.0,0.9469,4.3091,4.8822,1.9135,0.0,2.0367
창원_spring,0.0,18.0635,0.0,0.0,6.6722,0.0,21.8986,2.2016,0.0,0.0,0.0,2.4789,0.0,0.0,41.8455,0.0,0.0,4.2324,0.0,0.9268,0.0,0.1114,0.0,0.0,1.569
창원_summer,0.0,2.5075,2.0926,0.0,4.7763,0.0,5.6257,0.0,0.0,0.6414,0.0,19.143,0.0,1.4525,48.2915,0.0,3.806,0.3972,0.0,10.0357,0.0,0.1228,0.5982,0.0,0.5096
창원_autumn,0.0,2.9106,0.0,0.0,9.2977,0.2232,0.6026,0.1872,0.0,0.0,0.0,28.8352,0.0,0.2114,15.323,0.0,0.2994,0.0,0.1423,34.473,0.0,2.5395,0.0,0.0,4.9549
창원_winter,0.0,4.044,0.0,0.0,9.1894,0.0,5.6862,10.0612,0.1666,0.0,0.0874,13.5761,1.7914,0.0,12.428,0.0,0.0,0.1872,0.0,32.0977,1.9429,0.2015,4.1301,0.0,4.4102
청주_spring,0.0,2.566,0.0,0.0,18.7647,0.0,3.8211,2.7577,0.0,0.0,0.0,36.9855,0.0,0.0,3.0272,0.0,0.2433,0.0,0.0,1.8427,1.3466,4.1575,5.087,0.0,19.4005
청주_summer,0.0,0.0,0.0,0.0,0.7369,0.0,9.8028,0.6357,0.0,0.0,0.0,74.922,0.0,0.0,7.1944,0.0,0.0,0.0,0.0,0.2238,3.5736,0.0,1.6442,0.2167,1.0498
청주_autumn,0.0,0.3371,0.0,0.0,17.3264,0.218,0.4981,2.0686,0.0,0.0,0.0,8.1941,0.0,0.0,13.9396,0.0,0.0,0.0,0.0,1.4951,2.147,0.4649,15.5571,0.0,37.7537
청주_winter,0.0,6.4424,0.0,0.1017,3.2812,0.0,1.275,1.1494,0.0,0.0,0.0,23.7699,0.0,0.1179,29.395,0.0,1.2129,0.0,0.0,24.084,0.5379,0.2561,0.76,0.2749,7.3419
