경과일_tau,잔존율_SRT8일,잔존율_SRT12일,잔존율_SRT20일,잔존율_SRT41일,잔존율_채택_SRT12일,누적잔존_비중_SRT12일,메탄발생가중_음폐수,누적메탄_비중_음폐수,메탄발생가중_가축분뇨,누적메탄_비중_가축분뇨,메탄발생가중_음식물,누적메탄_비중_음식물
0,1.0,1.0,1.0,1.0,1.0,0.08,0.4,0.38328,0.08,0.15069,0.3,0.31841
1,0.8825,0.92004,0.95123,0.9759,0.92004,0.1536,0.24669,0.61965,0.067945,0.27868,0.204476,0.53544
2,0.7788,0.84648,0.90484,0.95239,0.84648,0.22131,0.15214,0.76543,0.057706,0.38737,0.139368,0.68336
3,0.68729,0.7788,0.86071,0.92944,0.7788,0.28361,0.093828,0.85533,0.04901,0.47969,0.094991,0.78418
4,0.60653,0.71653,0.81873,0.90705,0.71653,0.34093,0.057866,0.91078,0.041625,0.5581,0.064745,0.8529
5,0.53526,0.65924,0.7788,0.88519,0.65924,0.39367,0.035687,0.94498,0.035352,0.62469,0.044129,0.89974
6,0.47237,0.60653,0.74082,0.86386,0.60653,0.44219,0.022009,0.96607,0.030025,0.68125,0.030078,0.93167
7,0.41686,0.55804,0.70469,0.84305,0.55804,0.48683,0.013574,0.97907,0.0255,0.72928,0.0205,0.95342
8,0.36788,0.51342,0.67032,0.82273,0.51342,0.5279,0.008371,0.98709,0.021658,0.77007,0.013973,0.96825
9,0.32465,0.47237,0.63763,0.80291,0.47237,0.56569,0.005163,0.99204,0.018394,0.80472,0.009524,0.97836
10,0.2865,0.4346,0.60653,0.78356,0.4346,0.60046,0.003184,0.99509,0.015622,0.83415,0.006491,0.98525
11,0.25284,0.39985,0.57695,0.76468,0.39985,0.63244,0.001964,0.99697,0.013268,0.85914,0.004424,0.98995
12,0.22313,0.36788,0.54881,0.74626,0.36788,0.66187,0.001211,0.99813,0.011269,0.88037,0.003016,0.99315
13,0.19691,0.33847,0.52205,0.72828,0.33847,0.68895,0.000747,0.99885,0.009571,0.8984,0.002055,0.99533
14,0.17377,0.3114,0.49659,0.71073,0.3114,0.71386,0.000461,0.99929,0.008128,0.91371,0.001401,0.99682
15,0.15335,0.2865,0.47237,0.6936,0.2865,0.73678,0.000284,0.99956,0.006903,0.92671,0.000955,0.99783
16,0.13534,0.2636,0.44933,0.67689,0.2636,0.75786,0.000175,0.99973,0.005863,0.93775,0.000651,0.99852
17,0.11943,0.24252,0.42741,0.66058,0.24252,0.77727,0.000108,0.99983,0.00498,0.94713,0.000444,0.99899
18,0.1054,0.22313,0.40657,0.64467,0.22313,0.79511,6.7e-05,0.9999,0.004229,0.9551,0.000302,0.99931
19,0.09301,0.20529,0.38674,0.62913,0.20529,0.81154,4.1e-05,0.99994,0.003592,0.96187,0.000206,0.99953
20,0.08208,0.18888,0.36788,0.61397,0.18888,0.82665,2.5e-05,0.99996,0.003051,0.96761,0.00014,0.99968
21,0.07244,0.17377,0.34994,0.59918,0.17377,0.84055,1.6e-05,0.99998,0.002591,0.97249,9.6e-05,0.99978
22,0.06393,0.15988,0.33287,0.58474,0.15988,0.85334,1e-05,0.99999,0.002201,0.97664,6.5e-05,0.99985
23,0.05642,0.1471,0.31664,0.57065,0.1471,0.8651,6e-06,0.99999,0.001869,0.98016,4.4e-05,0.9999
24,0.04979,0.13534,0.30119,0.5569,0.13534,0.87593,4e-06,0.99999,0.001587,0.98315,3e-05,0.99993
25,0.04394,0.12451,0.2865,0.54348,0.12451,0.88589,2e-06,1.0,0.001348,0.98569,2.1e-05,0.99995
26,0.03877,0.11456,0.27253,0.53039,0.11456,0.89506,1e-06,1.0,0.001145,0.98784,1.4e-05,0.99997
27,0.03422,0.1054,0.25924,0.51761,0.1054,0.90349,1e-06,1.0,0.000972,0.98968,1e-05,0.99998
28,0.0302,0.09697,0.2466,0.50514,0.09697,0.91125,1e-06,1.0,0.000826,0.99123,7e-06,0.99999
29,0.02665,0.08922,0.23457,0.49297,0.08922,0.91838,0.0,1.0,0.000701,0.99255,4e-06,0.99999
30,0.02352,0.08208,0.22313,0.48109,0.08208,0.92495,0.0,1.0,0.000596,0.99368,3e-06,0.99999
31,0.02075,0.07552,0.21225,0.4695,0.07552,0.93099,0.0,1.0,0.000506,0.99463,2e-06,1.0
32,0.01832,0.06948,0.2019,0.45818,0.06948,0.93655,0.0,1.0,0.00043,0.99544,1e-06,1.0
33,0.01616,0.06393,0.19205,0.44714,0.06393,0.94166,0.0,1.0,0.000365,0.99613,1e-06,1.0
34,0.01426,0.05882,0.18268,0.43637,0.05882,0.94637,0.0,1.0,0.00031,0.99671,1e-06,1.0
35,0.01259,0.05411,0.17377,0.42585,0.05411,0.9507,0.0,1.0,0.000263,0.99721,0.0,1.0
36,0.01111,0.04979,0.1653,0.41559,0.04979,0.95468,0.0,1.0,0.000224,0.99763,0.0,1.0
37,0.0098,0.04581,0.15724,0.40558,0.04581,0.95834,0.0,1.0,0.00019,0.99798,0.0,1.0
38,0.00865,0.04214,0.14957,0.39581,0.04214,0.96172,0.0,1.0,0.000161,0.99829,0.0,1.0
39,0.00764,0.03877,0.14227,0.38627,0.03877,0.96482,0.0,1.0,0.000137,0.99855,0.0,1.0
40,0.00674,0.03567,0.13534,0.37696,0.03567,0.96767,0.0,1.0,0.000116,0.99876,0.0,1.0
41,0.00595,0.03282,0.12873,0.36788,0.03282,0.9703,0.0,1.0,9.9e-05,0.99895,0.0,1.0
42,0.00525,0.0302,0.12246,0.35902,0.0302,0.97271,0.0,1.0,8.4e-05,0.99911,0.0,1.0
43,0.00463,0.02778,0.11648,0.35036,0.02778,0.97493,0.0,1.0,7.1e-05,0.99924,0.0,1.0
44,0.00409,0.02556,0.1108,0.34192,0.02556,0.97698,0.0,1.0,6.1e-05,0.99936,0.0,1.0
45,0.00361,0.02352,0.1054,0.33368,0.02352,0.97886,0.0,1.0,5.1e-05,0.99945,0.0,1.0
46,0.00318,0.02164,0.10026,0.32564,0.02164,0.98059,0.0,1.0,4.4e-05,0.99954,0.0,1.0
47,0.00281,0.01991,0.09537,0.3178,0.01991,0.98218,0.0,1.0,3.7e-05,0.99961,0.0,1.0
48,0.00248,0.01832,0.09072,0.31014,0.01832,0.98365,0.0,1.0,3.1e-05,0.99967,0.0,1.0
49,0.00219,0.01685,0.08629,0.30267,0.01685,0.985,0.0,1.0,2.7e-05,0.99972,0.0,1.0
50,0.00193,0.0155,0.08208,0.29537,0.0155,0.98624,0.0,1.0,2.3e-05,0.99976,0.0,1.0
51,0.0017,0.01426,0.07808,0.28826,0.01426,0.98738,0.0,1.0,1.9e-05,0.9998,0.0,1.0
52,0.0015,0.01312,0.07427,0.28131,0.01312,0.98843,0.0,1.0,1.6e-05,0.99983,0.0,1.0
53,0.00133,0.01207,0.07065,0.27453,0.01207,0.98939,0.0,1.0,1.4e-05,0.99985,0.0,1.0
54,0.00117,0.01111,0.06721,0.26792,0.01111,0.99028,0.0,1.0,1.2e-05,0.99987,0.0,1.0
55,0.00103,0.01022,0.06393,0.26146,0.01022,0.9911,0.0,1.0,1e-05,0.99989,0.0,1.0
56,0.00091,0.0094,0.06081,0.25516,0.0094,0.99185,0.0,1.0,9e-06,0.99991,0.0,1.0
57,0.0008,0.00865,0.05784,0.24901,0.00865,0.99255,0.0,1.0,7e-06,0.99992,0.0,1.0
58,0.00071,0.00796,0.05502,0.24301,0.00796,0.99318,0.0,1.0,6e-06,0.99993,0.0,1.0
59,0.00063,0.00732,0.05234,0.23716,0.00732,0.99377,0.0,1.0,5e-06,0.99994,0.0,1.0
60,0.00055,0.00674,0.04979,0.23144,0.00674,0.99431,0.0,1.0,4e-06,0.99995,0.0,1.0
61,0.00049,0.0062,0.04736,0.22587,0.0062,0.9948,0.0,1.0,4e-06,0.99996,0.0,1.0
62,0.00043,0.0057,0.04505,0.22043,0.0057,0.99526,0.0,1.0,3e-06,0.99997,0.0,1.0
63,0.00038,0.00525,0.04285,0.21511,0.00525,0.99568,0.0,1.0,3e-06,0.99997,0.0,1.0
64,0.00034,0.00483,0.04076,0.20993,0.00483,0.99606,0.0,1.0,2e-06,0.99998,0.0,1.0
65,0.0003,0.00444,0.03877,0.20487,0.00444,0.99642,0.0,1.0,2e-06,0.99998,0.0,1.0
66,0.00026,0.00409,0.03688,0.19994,0.00409,0.99675,0.0,1.0,2e-06,0.99998,0.0,1.0
67,0.00023,0.00376,0.03508,0.19512,0.00376,0.99705,0.0,1.0,1e-06,0.99998,0.0,1.0
68,0.0002,0.00346,0.03337,0.19042,0.00346,0.99732,0.0,1.0,1e-06,0.99999,0.0,1.0
69,0.00018,0.00318,0.03175,0.18583,0.00318,0.99758,0.0,1.0,1e-06,0.99999,0.0,1.0
70,0.00016,0.00293,0.0302,0.18135,0.00293,0.99781,0.0,1.0,1e-06,0.99999,0.0,1.0
71,0.00014,0.00269,0.02872,0.17698,0.00269,0.99803,0.0,1.0,1e-06,0.99999,0.0,1.0
72,0.00012,0.00248,0.02732,0.17272,0.00248,0.99823,0.0,1.0,1e-06,0.99999,0.0,1.0
73,0.00011,0.00228,0.02599,0.16856,0.00228,0.99841,0.0,1.0,1e-06,0.99999,0.0,1.0
74,0.0001,0.0021,0.02472,0.16449,0.0021,0.99858,0.0,1.0,0.0,1.0,0.0,1.0
75,8e-05,0.00193,0.02352,0.16053,0.00193,0.99873,0.0,1.0,0.0,1.0,0.0,1.0
76,7e-05,0.00178,0.02237,0.15666,0.00178,0.99887,0.0,1.0,0.0,1.0,0.0,1.0
77,7e-05,0.00163,0.02128,0.15289,0.00163,0.999,0.0,1.0,0.0,1.0,0.0,1.0
78,6e-05,0.0015,0.02024,0.1492,0.0015,0.99913,0.0,1.0,0.0,1.0,0.0,1.0
79,5e-05,0.00138,0.01925,0.14561,0.00138,0.99924,0.0,1.0,0.0,1.0,0.0,1.0
80,5e-05,0.00127,0.01832,0.1421,0.00127,0.99934,0.0,1.0,0.0,1.0,0.0,1.0
81,4e-05,0.00117,0.01742,0.13868,0.00117,0.99943,0.0,1.0,0.0,1.0,0.0,1.0
82,4e-05,0.00108,0.01657,0.13534,0.00108,0.99952,0.0,1.0,0.0,1.0,0.0,1.0
83,3e-05,0.00099,0.01576,0.13207,0.00099,0.9996,0.0,1.0,0.0,1.0,0.0,1.0
84,3e-05,0.00091,0.015,0.12889,0.00091,0.99967,0.0,1.0,0.0,1.0,0.0,1.0
85,2e-05,0.00084,0.01426,0.12579,0.00084,0.99974,0.0,1.0,0.0,1.0,0.0,1.0
86,2e-05,0.00077,0.01357,0.12276,0.00077,0.9998,0.0,1.0,0.0,1.0,0.0,1.0
87,2e-05,0.00071,0.01291,0.1198,0.00071,0.99986,0.0,1.0,0.0,1.0,0.0,1.0
88,2e-05,0.00065,0.01228,0.11691,0.00065,0.99991,0.0,1.0,0.0,1.0,0.0,1.0
89,1e-05,0.0006,0.01168,0.11409,0.0006,0.99996,0.0,1.0,0.0,1.0,0.0,1.0
90,1e-05,0.00055,0.01111,0.11134,0.00055,1.0,0.0,1.0,0.0,1.0,0.0,1.0
