date,variable,flag,severity,value,detail
2018-11-19,투입량합계,고정값,치명,240.0,35일 연속 동일값 (~2018-12-23)
2019-04-09,투입량합계,고정값,치명,216.0,21일 연속 동일값 (~2019-04-29)
2019-06-28,소화조_온도,고정값,치명,38.0,20일 연속 동일값 (~2019-07-26)
2019-12-31,소화조_MAlk,체제단절,치명,14671.294385964913,분기평균 z=+11.5 (직전4분기 1.361e+04 → 1.467e+04)
2020-01-18,투입량합계,고정값,치명,192.0,48일 연속 동일값 (~2020-03-05)
2020-03-10,투입량합계,고정값,치명,144.0,20일 연속 동일값 (~2020-03-29)
2020-10-24,투입량합계,고정값,치명,168.0,26일 연속 동일값 (~2020-11-18)
2021-04-09,투입량합계,고정값,치명,184.0,22일 연속 동일값 (~2021-04-30)
2021-06-30,소화조_TS,체제단절,치명,2.718611111111111,분기평균 z=+9.8 (직전4분기 2.548 → 2.719)
2021-06-30,소화조_VS,체제단절,치명,1.1560185185185186,분기평균 z=+8.1 (직전4분기 1.045 → 1.156)
2021-07-02,소화조_온도,고정값,치명,38.0,21일 연속 동일값 (~2021-08-03)
2021-08-25,투입량합계,고정값,치명,192.0,42일 연속 동일값 (~2021-10-05)
2021-12-31,소화조_MAlk,체제단절,치명,14597.849636363637,분기평균 z=-7.1 (직전4분기 1.565e+04 → 1.46e+04)
2022-01-19,소화조_온도,고정값,치명,38.0,28일 연속 동일값 (~2022-03-04)
2022-02-17,투입량합계,고정값,치명,180.0,20일 연속 동일값 (~2022-03-08)
2022-04-18,소화조_온도,고정값,치명,38.0,30일 연속 동일값 (~2022-06-03)
2022-04-25,투입량합계,고정값,치명,180.0,21일 연속 동일값 (~2022-05-15)
2022-05-21,투입량합계,고정값,치명,180.0,21일 연속 동일값 (~2022-06-10)
2022-09-19,투입량합계,고정값,치명,192.0,34일 연속 동일값 (~2022-10-22)
2022-09-30,소화조_온도,체제단절,치명,39.55877192982456,분기평균 z=+6.9 (직전4분기 38.15 → 39.56)
2022-12-31,소화조_온도,체제단절,치명,34.05104166666667,분기평균 z=-5.8 (직전4분기 38.42 → 34.05)
2023-03-28,투입량합계,고정값,치명,168.0,33일 연속 동일값 (~2023-04-29)
2023-03-31,소화조_TAlk,체제단절,치명,10694.107843137255,분기평균 z=-7.7 (직전4분기 1.842e+04 → 1.069e+04)
2023-03-31,소화조_MAlk,체제단절,치명,8453.37568627451,분기평균 z=-7.9 (직전4분기 1.642e+04 → 8453)
2023-06-07,소화조_TAlk,VFA==TAlk,치명,1191.0,두 열 값이 동일 — 열 복사 의심
2023-06-08,소화조_TAlk,VFA==TAlk,치명,1304.5,두 열 값이 동일 — 열 복사 의심
2023-06-09,소화조_TAlk,VFA==TAlk,치명,1290.5,두 열 값이 동일 — 열 복사 의심
2023-06-13,소화조_TAlk,VFA==TAlk,치명,1409.0,두 열 값이 동일 — 열 복사 의심
2023-06-14,소화조_TAlk,VFA==TAlk,치명,1326.5,두 열 값이 동일 — 열 복사 의심
2023-06-15,소화조_TAlk,VFA==TAlk,치명,1259.5,두 열 값이 동일 — 열 복사 의심
2023-06-16,소화조_온도,고정값,치명,33.1,58일 연속 동일값 (~2023-09-15)
2023-06-30,소화조_TS,체제단절,치명,2.269,분기평균 z=-42.8 (직전4분기 2.684 → 2.269)
2023-07-19,투입량합계,고정값,치명,216.0,23일 연속 동일값 (~2023-08-10)
2023-09-18,투입량합계,고정값,치명,0.0,105일 연속 동일값 (~2023-12-31)
2018-02-22,CH4_pct,범위이탈,심각,350.3,"가능범위 [45, 75]"
2018-09-10,CH4_pct,범위이탈,심각,75.65,"가능범위 [45, 75]"
2018-09-11,CH4_pct,범위이탈,심각,76.80000000000001,"가능범위 [45, 75]"
2018-09-12,CH4_pct,범위이탈,심각,77.44999999999999,"가능범위 [45, 75]"
2018-09-13,CH4_pct,범위이탈,심각,76.8,"가능범위 [45, 75]"
2019-02-16,투입량합계,고정값,심각,216.0,11일 연속 동일값 (~2019-02-26)
2019-03-17,소화조_CODcr,범위이탈,심각,2179.5,"가능범위 [5000, 90000]"
2019-05-02,투입량합계,고정값,심각,216.0,16일 연속 동일값 (~2019-05-17)
2019-05-30,투입량합계,고정값,심각,240.0,10일 연속 동일값 (~2019-06-08)
2019-06-13,투입량합계,고정값,심각,240.0,10일 연속 동일값 (~2019-06-22)
2019-06-29,투입량합계,고정값,심각,240.0,14일 연속 동일값 (~2019-07-12)
2019-07-24,투입량합계,고정값,심각,240.0,12일 연속 동일값 (~2019-08-04)
2019-08-16,투입량합계,고정값,심각,264.0,10일 연속 동일값 (~2019-08-25)
2019-09-18,투입량합계,고정값,심각,264.0,13일 연속 동일값 (~2019-09-30)
2019-09-23,유입_VS,범위이탈,심각,37.2,"가능범위 [0.3, 30]"
2019-09-23,유입_VS,유입_VS>유입_TS,심각,37.2,VS 는 TS 를 넘을 수 없음
2019-10-01,소화조_NH4N,범위이탈,심각,0.15,"가능범위 [200, 8000]"
2019-10-02,투입량합계,고정값,심각,264.0,12일 연속 동일값 (~2019-10-13)
2019-10-24,투입량합계,고정값,심각,216.0,11일 연속 동일값 (~2019-11-03)
2019-11-04,유입_VS,유입_VS>유입_TS,심각,8.53,VS 는 TS 를 넘을 수 없음
2019-12-04,투입량합계,고정값,심각,216.0,13일 연속 동일값 (~2019-12-16)
2019-12-31,소화조_TAlk,체제단절,심각,16540.736842105263,분기평균 z=+4.1 (직전4분기 1.566e+04 → 1.654e+04)
2020-03-15,소화조_CODcr,범위이탈,심각,2515.0,"가능범위 [5000, 90000]"
2020-04-08,투입량합계,고정값,심각,192.0,14일 연속 동일값 (~2020-04-21)
2020-05-03,투입량합계,고정값,심각,144.0,18일 연속 동일값 (~2020-05-20)
2020-06-03,투입량합계,고정값,심각,240.0,12일 연속 동일값 (~2020-06-14)
2020-06-30,투입량합계,고정값,심각,264.0,14일 연속 동일값 (~2020-07-13)
2020-06-30,소화조_TS,체제단절,심각,2.525583333333333,분기평균 z=+3.4 (직전4분기 2.386 → 2.526)
2020-06-30,소화조_pH,체제단절,심각,7.766583333333333,분기평균 z=-4.5 (직전4분기 7.968 → 7.767)
2020-07-15,투입량합계,고정값,심각,276.0,14일 연속 동일값 (~2020-07-28)
2020-07-21,CH4_pct,범위이탈,심각,75.1,"가능범위 [45, 75]"
2020-08-08,투입량합계,고정값,심각,216.0,12일 연속 동일값 (~2020-08-19)
2020-08-20,투입량합계,고정값,심각,224.0,14일 연속 동일값 (~2020-09-02)
2020-10-09,투입량합계,고정값,심각,168.0,14일 연속 동일값 (~2020-10-22)
2020-11-27,투입량합계,고정값,심각,240.0,10일 연속 동일값 (~2020-12-06)
2020-12-31,소화조_온도,체제단절,심각,37.473333333333336,분기평균 z=-3.3 (직전4분기 39.2 → 37.47)
2021-01-11,투입량합계,고정값,심각,136.0,14일 연속 동일값 (~2021-01-24)
2021-02-02,소화조_온도,고정값,심각,38.0,15일 연속 동일값 (~2021-02-25)
2021-03-09,투입량합계,고정값,심각,168.0,14일 연속 동일값 (~2021-03-22)
2021-03-31,소화조_VFA,체제단절,심각,2570.9811320754716,분기평균 z=-3.1 (직전4분기 2742 → 2571)
2021-05-04,유입_CODcr,범위이탈,심각,267578.0,"가능범위 [5000, 250000]"
2021-05-11,소화조_온도,고정값,심각,38.0,16일 연속 동일값 (~2021-06-04)
2021-05-18,투입량합계,고정값,심각,168.0,18일 연속 동일값 (~2021-06-04)
2021-06-30,소화조_TAlk,체제단절,심각,17659.037037037036,분기평균 z=+3.0 (직전4분기 1.741e+04 → 1.766e+04)
2021-06-30,소화조_MAlk,체제단절,심각,15769.99,분기평균 z=+3.8 (직전4분기 1.55e+04 → 1.577e+04)
2021-06-30,소화조_CODcr,체제단절,심각,33646.194444444445,분기평균 z=+3.0 (직전4분기 2.643e+04 → 3.365e+04)
2021-07-11,투입량합계,고정값,심각,232.0,10일 연속 동일값 (~2021-07-20)
2021-08-03,투입량합계,고정값,심각,216.0,18일 연속 동일값 (~2021-08-20)
2021-08-04,소화조_온도,고정값,심각,38.4,10일 연속 동일값 (~2021-08-18)
2021-09-14,유입_CODcr,범위이탈,심각,254913.0,"가능범위 [5000, 250000]"
2021-09-30,소화조_TAlk,체제단절,심각,17915.824561403508,분기평균 z=+3.5 (직전4분기 1.75e+04 → 1.792e+04)
2021-09-30,소화조_TS,체제단절,심각,2.8729824561403507,분기평균 z=+3.4 (직전4분기 2.597 → 2.873)
2021-09-30,소화조_VFA,체제단절,심각,3025.157894736842,분기평균 z=+3.5 (직전4분기 2688 → 3025)
2021-11-13,투입량합계,고정값,심각,204.0,10일 연속 동일값 (~2021-11-22)
2021-12-27,소화조_온도,고정값,심각,38.0,14일 연속 동일값 (~2022-01-14)
2022-02-03,유입_CODcr,범위이탈,심각,253392.0,"가능범위 [5000, 250000]"
2022-03-08,소화조_온도,고정값,심각,38.05,11일 연속 동일값 (~2022-03-23)
2022-03-13,소화조_CODcr,범위이탈,심각,2758.5,"가능범위 [5000, 90000]"
2022-03-14,투입량합계,고정값,심각,144.0,16일 연속 동일값 (~2022-03-29)
2022-07-28,투입량합계,고정값,심각,240.0,15일 연속 동일값 (~2022-08-11)
2022-08-22,소화조_TAlk,범위이탈,심각,118314.5,"가능범위 [2000, 40000]"
2022-08-22,소화조_MAlk,범위이탈,심각,116235.265,"가능범위 [1000, 40000]"
2022-09-03,투입량합계,고정값,심각,192.0,15일 연속 동일값 (~2022-09-17)
2022-09-30,소화조_TAlk,체제단절,심각,19915.5,분기평균 z=+4.9 (직전4분기 1.764e+04 → 1.992e+04)
2022-09-30,소화조_MAlk,체제단절,심각,17932.493666666665,분기평균 z=+3.7 (직전4분기 1.555e+04 → 1.793e+04)
2022-11-03,투입량합계,고정값,심각,204.0,12일 연속 동일값 (~2022-11-14)
2022-12-17,투입량합계,고정값,심각,204.0,11일 연속 동일값 (~2022-12-27)
2023-01-15,투입량합계,고정값,심각,204.0,18일 연속 동일값 (~2023-02-01)
2023-02-05,투입량합계,고정값,심각,204.0,15일 연속 동일값 (~2023-02-19)
2023-03-03,투입량합계,고정값,심각,180.0,10일 연속 동일값 (~2023-03-12)
2023-03-16,투입량합계,고정값,심각,168.0,11일 연속 동일값 (~2023-03-26)
2023-05-02,투입량합계,고정값,심각,168.0,18일 연속 동일값 (~2023-05-19)
2023-06-07,소화조_TAlk,범위이탈,심각,1191.0,"가능범위 [2000, 40000]"
2023-06-07,소화조_MAlk,범위이탈,심각,345.39,"가능범위 [1000, 40000]"
2023-06-08,소화조_TAlk,범위이탈,심각,1304.5,"가능범위 [2000, 40000]"
2023-06-08,소화조_MAlk,범위이탈,심각,378.3050000000001,"가능범위 [1000, 40000]"
2023-06-09,소화조_TAlk,범위이탈,심각,1290.5,"가능범위 [2000, 40000]"
2023-06-09,소화조_MAlk,범위이탈,심각,374.245,"가능범위 [1000, 40000]"
2023-06-13,소화조_TAlk,범위이탈,심각,1409.0,"가능범위 [2000, 40000]"
2023-06-13,소화조_MAlk,범위이탈,심각,408.61,"가능범위 [1000, 40000]"
2023-06-14,소화조_TAlk,범위이탈,심각,1326.5,"가능범위 [2000, 40000]"
2023-06-14,소화조_MAlk,범위이탈,심각,384.6850000000001,"가능범위 [1000, 40000]"
2023-06-15,소화조_TAlk,범위이탈,심각,1259.5,"가능범위 [2000, 40000]"
2023-06-15,소화조_MAlk,범위이탈,심각,365.255,"가능범위 [1000, 40000]"
2023-06-19,투입량합계,고정값,심각,192.0,10일 연속 동일값 (~2023-06-28)
2023-06-30,소화조_VS,체제단절,심각,0.9874545454545455,분기평균 z=-4.5 (직전4분기 1.11 → 0.9875)
2023-06-30,소화조_VFA,체제단절,심각,2449.3454545454547,분기평균 z=-3.3 (직전4분기 2968 → 2449)
2023-06-30,소화조_CODcr,체제단절,심각,23697.727272727272,분기평균 z=-4.2 (직전4분기 2.885e+04 → 2.37e+04)
2023-09-06,투입량합계,고정값,심각,180.0,12일 연속 동일값 (~2023-09-17)
2023-09-30,소화조_VS,체제단절,심각,1.3174479166666666,분기평균 z=+3.7 (직전4분기 1.077 → 1.317)
2018-06-01,투입량합계,고정값,주의,216.0,5일 연속 동일값 (~2018-06-05)
2018-09-26,투입량합계,고정값,주의,216.0,5일 연속 동일값 (~2018-09-30)
2019-01-07,투입량합계,고정값,주의,216.0,6일 연속 동일값 (~2019-01-12)
2019-01-08,소화조_온도,고정값,주의,38.0,8일 연속 동일값 (~2019-01-18)
2019-01-15,투입량합계,고정값,주의,216.0,7일 연속 동일값 (~2019-01-21)
2019-01-30,투입량합계,고정값,주의,192.0,6일 연속 동일값 (~2019-02-04)
2019-02-07,투입량합계,고정값,주의,168.0,6일 연속 동일값 (~2019-02-12)
2019-02-27,투입량합계,고정값,주의,192.0,5일 연속 동일값 (~2019-03-03)
2019-03-13,투입량합계,고정값,주의,120.0,5일 연속 동일값 (~2019-03-17)
2019-03-28,투입량합계,고정값,주의,192.0,7일 연속 동일값 (~2019-04-03)
2019-05-02,소화조_온도,고정값,주의,38.01666666666667,6일 연속 동일값 (~2019-05-09)
2019-05-21,소화조_온도,고정값,주의,38.01666666666667,5일 연속 동일값 (~2019-05-28)
2019-05-21,투입량합계,고정값,주의,228.0,6일 연속 동일값 (~2019-05-26)
2019-08-05,소화조_온도,고정값,주의,39.8,5일 연속 동일값 (~2019-08-09)
2019-08-27,투입량합계,고정값,주의,276.0,6일 연속 동일값 (~2019-09-01)
2019-09-06,투입량합계,고정값,주의,204.0,5일 연속 동일값 (~2019-09-10)
2019-11-05,투입량합계,고정값,주의,224.0,5일 연속 동일값 (~2019-11-09)
2019-11-12,투입량합계,고정값,주의,216.0,5일 연속 동일값 (~2019-11-16)
2019-12-10,소화조_온도,고정값,주의,39.0,9일 연속 동일값 (~2019-12-20)
2020-02-06,소화조_온도,고정값,주의,39.9,5일 연속 동일값 (~2020-02-12)
2020-02-25,소화조_온도,고정값,주의,39.9,6일 연속 동일값 (~2020-03-03)
2020-03-31,투입량합계,고정값,주의,168.0,6일 연속 동일값 (~2020-04-05)
2020-05-04,소화조_온도,고정값,주의,39.9,5일 연속 동일값 (~2020-05-11)
2020-07-17,소화조_온도,고정값,주의,38.45,5일 연속 동일값 (~2020-07-23)
2020-09-27,투입량합계,고정값,주의,144.0,8일 연속 동일값 (~2020-10-04)
2020-12-15,투입량합계,고정값,주의,204.0,6일 연속 동일값 (~2020-12-20)
2021-01-01,투입량합계,고정값,주의,144.0,7일 연속 동일값 (~2021-01-07)
2021-01-25,투입량합계,고정값,주의,140.0,5일 연속 동일값 (~2021-01-29)
2021-02-03,투입량합계,고정값,주의,152.0,8일 연속 동일값 (~2021-02-10)
2021-02-11,투입량합계,고정값,주의,156.0,5일 연속 동일값 (~2021-02-15)
2021-02-18,투입량합계,고정값,주의,164.0,5일 연속 동일값 (~2021-02-22)
2021-02-25,투입량합계,고정값,주의,144.0,8일 연속 동일값 (~2021-03-04)
2021-03-04,소화조_온도,고정값,주의,38.0,7일 연속 동일값 (~2021-03-15)
2021-03-24,투입량합계,고정값,주의,160.0,6일 연속 동일값 (~2021-03-29)
2021-04-22,소화조_온도,고정값,주의,38.0,5일 연속 동일값 (~2021-04-28)
2021-06-18,투입량합계,고정값,주의,200.0,7일 연속 동일값 (~2021-06-24)
2021-06-26,투입량합계,고정값,주의,192.0,5일 연속 동일값 (~2021-06-30)
2021-07-28,투입량합계,고정값,주의,224.0,5일 연속 동일값 (~2021-08-01)
2021-08-23,소화조_온도,고정값,주의,39.2,8일 연속 동일값 (~2021-09-03)
2021-09-06,소화조_온도,고정값,주의,39.15000000000001,5일 연속 동일값 (~2021-09-10)
2021-10-04,소화조_온도,고정값,주의,38.3,7일 연속 동일값 (~2021-10-13)
2021-10-06,투입량합계,고정값,주의,200.0,7일 연속 동일값 (~2021-10-12)
2021-10-22,소화조_온도,고정값,주의,38.0,6일 연속 동일값 (~2021-10-29)
2021-10-22,투입량합계,고정값,주의,220.0,5일 연속 동일값 (~2021-10-26)
2021-11-26,소화조_온도,고정값,주의,38.0,5일 연속 동일값 (~2021-12-02)
2021-11-29,투입량합계,고정값,주의,224.0,5일 연속 동일값 (~2021-12-03)
2021-12-04,투입량합계,고정값,주의,228.0,8일 연속 동일값 (~2021-12-11)
2021-12-14,투입량합계,고정값,주의,220.0,7일 연속 동일값 (~2021-12-20)
2021-12-21,투입량합계,고정값,주의,216.0,6일 연속 동일값 (~2021-12-26)
2022-01-13,투입량합계,고정값,주의,152.0,8일 연속 동일값 (~2022-01-20)
2022-01-26,투입량합계,고정값,주의,160.0,5일 연속 동일값 (~2022-01-30)
2022-02-07,투입량합계,고정값,주의,180.0,9일 연속 동일값 (~2022-02-15)
2022-04-05,투입량합계,고정값,주의,180.0,8일 연속 동일값 (~2022-04-12)
2022-04-14,투입량합계,고정값,주의,192.0,5일 연속 동일값 (~2022-04-18)
2022-06-08,소화조_온도,고정값,주의,38.05,5일 연속 동일값 (~2022-06-14)
2022-06-17,소화조_온도,고정값,주의,38.0,6일 연속 동일값 (~2022-06-24)
2022-06-27,소화조_온도,고정값,주의,38.6,5일 연속 동일값 (~2022-07-01)
2022-07-01,투입량합계,고정값,주의,224.0,5일 연속 동일값 (~2022-07-05)
2022-07-04,소화조_온도,고정값,주의,38.95,5일 연속 동일값 (~2022-07-08)
2022-07-11,소화조_온도,고정값,주의,38.8,5일 연속 동일값 (~2022-07-15)
2022-07-13,투입량합계,고정값,주의,224.0,6일 연속 동일값 (~2022-07-18)
2022-07-18,소화조_온도,고정값,주의,39.05,5일 연속 동일값 (~2022-07-22)
2022-07-20,투입량합계,고정값,주의,224.0,5일 연속 동일값 (~2022-07-24)
2022-08-08,소화조_온도,고정값,주의,40.0,6일 연속 동일값 (~2022-08-16)
2022-08-20,투입량합계,고정값,주의,204.0,5일 연속 동일값 (~2022-08-24)
2022-08-22,소화조_온도,고정값,주의,40.25,5일 연속 동일값 (~2022-08-26)
2022-08-26,투입량합계,고정값,주의,204.0,7일 연속 동일값 (~2022-09-01)
2022-10-25,투입량합계,고정값,주의,192.0,7일 연속 동일값 (~2022-10-31)
2022-11-21,투입량합계,고정값,주의,204.0,9일 연속 동일값 (~2022-11-29)
2022-12-08,투입량합계,고정값,주의,224.0,7일 연속 동일값 (~2022-12-14)
2023-01-07,투입량합계,고정값,주의,204.0,7일 연속 동일값 (~2023-01-13)
2023-02-24,투입량합계,고정값,주의,180.0,5일 연속 동일값 (~2023-02-28)
2023-04-24,소화조_온도,고정값,주의,28.55,8일 연속 동일값 (~2023-05-04)
2023-05-15,소화조_온도,고정값,주의,32.0,9일 연속 동일값 (~2023-05-26)
2023-05-21,투입량합계,고정값,주의,168.0,8일 연속 동일값 (~2023-05-28)
2023-05-29,소화조_온도,고정값,주의,32.8,7일 연속 동일값 (~2023-06-06)
2023-05-30,투입량합계,고정값,주의,180.0,8일 연속 동일값 (~2023-06-06)
2023-06-07,소화조_온도,고정값,주의,36.8,5일 연속 동일값 (~2023-06-14)
2023-06-10,투입량합계,고정값,주의,192.0,5일 연속 동일값 (~2023-06-14)
2023-07-07,투입량합계,고정값,주의,216.0,7일 연속 동일값 (~2023-07-13)
2023-08-13,투입량합계,고정값,주의,216.0,9일 연속 동일값 (~2023-08-21)
2023-08-23,투입량합계,고정값,주의,204.0,5일 연속 동일값 (~2023-08-27)
2023-08-29,투입량합계,고정값,주의,192.0,6일 연속 동일값 (~2023-09-03)
