sample_id,Methanosaeta concilii,Methanosarcina barkeri,Methanosarcina mazei,Methanoculleus bourgensis,Methanoculleus marisnigri,Methanobacterium formicicum,Methanobrevibacter smithii,Methanospirillum hungatei,Methanolinea tarda,Methanomassiliicoccus luminyensis,Methanoregula boonei,Methanocorpusculum labreanum,Methanothermobacter thermautotrophicus,Clostridium butyricum,Clostridium thermocellum,Syntrophomonas wolfei,Syntrophomonas zehnderi,Ruminococcus albus,Christensenella minuta,Caldicoprobacter oshimai,Sedimentibacter hydroxybenzoicus,Acetobacterium woodii,Syntrophaceticus schinkii,Tepidanaerobacter acetatoxydans,Gelria glutamica,Pelotomaculum thermopropionicum,Lactobacillus acidophilus,Streptococcus bovis,Bacillus subtilis,Turicibacter sanguinis,Romboutsia ilealis,Anaerovorax odorimutans,Proteiniclasticum ruminis,Fastidiosipila sanguinis,Garciella nitratireducens,Acetomicrobium mobile,Anaerobaculum mobile,Aminobacter aminovorans,Thermoanaerobacter siderophilus,Anaerofilum agile,Bacteroides graminisolvens,Prevotella ruminicola,Proteiniphilum acetatigenes,Petrimonas sulfuriphila,Macellibacteroides fermentans,Paludibacter propionicigenes,Alistipes finegoldii,Dysgonomonas mossii,Fermentimonas caenicola,Tannerella forsythia,Anaerolinea thermophila,Longilinea arvoryzae,Levilinea saccharolytica,Bellilinea caldifistulae,Leptolinea tardivitalis,Flexilinea flocculi,Ornatilinea apprima,Syntrophobacter fumaroxidans,Smithella propionica,Syntrophorhabdus aromaticivorans,Pseudomonas putida,Desulfovibrio vulgaris,Desulfobulbus propionicus,Geobacter sulfurreducens,Thauera aromatica,Aeromonas hydrophila,Acinetobacter johnsonii,Synergistes jonesii,Aminobacterium colombiense,Cloacibacillus evryensis,Thermovirga lienii,Aminomonas paucivorans,Defluviitoga tunisiensis,Kosmotoga olearia,Petrotoga mobilis,Mesotoga prima,Treponema primitia,Sphaerochaeta globosa,Spirochaeta caldaria,Actinomyces bovis,Corynebacterium glutamicum,Bifidobacterium longum,Gordonibacter pamelaeae,Olsenella uli,Ca. Cloacimonas acidaminovorans,Ca. Cloacimonas W5,Ca. Caldatribacterium californiense,Fusobacterium nucleatum,Fibrobacter succinogenes,Akkermansia muciniphila,Planctomyces limnophilus,Elusimicrobium minutum,Victivallis vadensis,Caldisericum exile,Thermodesulfovibrio yellowstonii,Coprothermobacter proteolyticus,Denitrovibrio acetiphilus,Armatimonas rosea,Acidobacterium capsulatum,Ca. Fermentibacter daniensis,unidentified
서울_spring,2.8254,0.9959,0.3029,1.6878,1.4034,0.7514,6.418,1.9443,0.1426,0.0,0.0,0.0,0.9257,1.0314,4.2397,0.4073,0.6527,0.2924,0.0923,0.0,0.0,3.1909,1.6093,0.0,0.0,0.0,0.0825,0.0,0.0,0.0,0.0,0.0,0.0,0.0,0.0,0.0,0.5202,0.0,0.0,0.0,0.0,0.1503,0.0,0.237,0.0,0.2464,0.8175,0.1554,0.185,0.3349,0.6652,2.2827,0.0,1.1553,0.0,0.1791,0.1719,2.1378,8.9719,0.0,0.0,4.2822,4.3502,0.2158,0.0,0.0,0.0,2.5437,0.4877,0.0,1.4482,0.0861,0.5851,7.1964,1.2514,0.0,0.0,0.2064,0.0,0.0,0.2273,0.3116,0.8301,2.4762,1.4104,0.0,0.0872,0.0,1.059,2.1645,0.1031,3.904,5.1301,0.1295,0.0,0.0,0.0,0.0,0.0,0.5519,11.7555
서울_summer,1.1774,1.3406,0.6243,0.1585,2.1852,0.6863,0.6128,0.0,0.0,0.0,2.2424,0.1836,0.7857,0.095,2.4407,1.5964,0.7187,0.2154,0.0,0.0904,0.2388,0.7259,0.0,0.0,0.0,0.9021,0.0,0.4365,0.1851,1.8609,0.1408,0.0,0.5015,0.9932,0.0,1.0352,0.4037,0.0,1.9683,0.0,8.3335,2.8799,0.0,1.5372,0.5568,0.0,0.1694,0.0,0.0,0.0,2.729,1.2654,0.0,0.9172,0.0,0.1681,0.0,0.2186,0.6637,0.0,0.0,0.7066,0.3902,0.0,0.0,0.0,0.0,26.8271,0.0,0.6036,0.0,0.0,0.0,0.5144,0.0,0.0,5.4501,0.0,0.0,0.0,5.1319,0.5839,0.32,0.0,0.5876,0.1932,0.3607,0.2238,0.2655,0.0,0.1245,0.0,0.0,2.2876,0.2748,1.6204,0.2294,0.0,0.0,0.0,9.3206
서울_autumn,0.8579,0.0,0.0835,0.0,0.0833,0.1076,2.6811,9.715,0.1522,0.0,0.1376,0.0,0.0,0.2771,1.3645,1.3822,0.2358,0.0,1.7913,0.0,0.0,0.0,0.0,0.1482,0.0,0.0,0.0,3.7048,0.0,0.0,0.4855,0.9867,0.0,0.0,0.0,0.0,0.0,0.9775,0.0,0.0,5.1497,0.0,1.8268,0.1106,0.0,0.4553,0.0,0.455,0.0,0.9849,0.3693,0.0893,0.0,0.3261,0.1138,0.4158,0.0,0.2119,4.3703,0.2449,0.0,2.4047,0.0,0.0,0.0,0.0,0.0,0.0,0.0,0.4592,0.8924,0.0,0.3205,8.9846,0.1779,0.0,1.2395,0.0,0.0,1.8906,0.0,0.0,1.2995,0.0,0.1185,1.4306,0.0,0.0,0.4439,0.0,0.2185,0.0,0.0,0.6972,0.0,23.5532,0.0,0.0,0.0,0.0,15.5736
서울_winter,1.0202,1.9196,2.4979,0.2849,0.0,0.4159,0.0,2.0231,1.0156,0.0,1.2341,0.0,0.0,0.6379,0.4703,3.9589,0.0,1.7143,0.9805,0.0,0.0,0.0,0.0,0.0,0.0,0.0,0.0,0.0,0.0,0.0,0.0,0.0873,0.0,0.0,0.0,0.0,0.0,0.0,0.0,0.0,0.0,24.2328,0.0,0.0,0.0,0.0,0.0,0.0,0.0,0.0,0.1767,0.0,0.0,1.0898,0.0,0.0,0.104,0.0,0.0,5.1761,0.1707,0.0,0.1428,0.0,0.9884,0.0,0.0,6.2808,0.0833,0.0,9.6894,0.0,0.0,0.9268,0.0,0.0,0.0,0.0,1.8669,0.0,0.0,0.0,0.0,0.0,4.9466,0.0,0.0,0.0,0.0,0.0,1.8858,3.0397,0.0,0.0,0.0,0.0,0.0,0.0,0.0,0.0,20.9389
부산_spring,1.6787,0.0,1.1335,0.0,0.205,3.2036,1.189,0.4279,0.5137,0.0,0.2053,0.0,0.1431,0.2327,0.0,0.7972,0.0985,1.3635,0.1286,0.2432,0.9813,0.1817,1.1043,0.0,0.0,0.0,6.3761,0.5728,0.2201,0.0,8.1713,0.0,0.0,5.4101,0.0,2.03,0.0,0.0,0.0,0.2826,0.0954,1.9591,0.0937,0.0947,1.8194,5.4787,0.8203,0.0,0.1739,0.0,0.6719,0.1283,0.9353,0.0,0.0,0.1016,0.0,0.0,0.0,0.3559,1.1247,3.0794,1.0813,0.0,0.0,0.0,0.0,0.0,0.0,1.1683,0.0,0.0,0.0,3.3172,0.0,0.3548,0.0,1.0862,0.0,0.0,0.0,0.0958,0.0,0.0977,3.4315,11.4275,0.2476,0.1696,0.0,0.0,1.2696,0.0,0.3371,0.0,15.9611,0.0,0.1522,0.0,0.0,0.0,5.9766
부산_summer,0.2093,0.1681,1.2327,0.3863,2.0566,0.0,0.0,0.0,1.9943,0.3383,0.0,0.0,0.0,0.1826,0.0,1.1979,7.127,0.0,0.4951,0.0,16.0853,13.3528,0.0,0.1518,0.0,0.0,0.2974,0.0,1.4922,1.0349,1.3664,0.0,0.0,0.0,0.0,0.0,0.0,0.0,0.0,3.6647,0.0,0.1058,0.0,6.553,0.1519,0.0,2.5374,0.0,0.0,0.2886,0.4087,0.0,4.6639,0.2029,0.0,0.6308,0.0,0.0,0.209,0.0,0.0,0.8388,0.0,0.0,0.0,0.0,0.0,0.0,0.0,1.1316,0.1255,0.0,0.2308,0.0,0.1054,0.0,0.103,1.25,0.0,0.0994,0.0,0.0,0.0,2.0645,0.443,0.0,8.8492,0.0,0.2716,0.0,0.0,0.0,0.0,0.0,0.2679,0.0,0.0,0.0,0.9421,0.0,14.6915
부산_autumn,4.2096,0.1737,6.3262,0.0,0.9889,0.8984,0.1172,3.6324,1.7115,0.0,0.0,2.0829,3.8044,2.1069,0.6093,0.0,0.0,0.0,0.0,0.0,0.1004,0.1169,0.0,0.0,5.4529,0.2376,14.8155,0.0,0.0,1.6621,0.0,2.2309,0.0,0.0,0.0,0.0,0.5149,0.4187,0.0,0.0,0.0,0.1651,0.8062,1.15,0.0,0.1525,0.0,0.0,0.0,0.0,0.6759,0.1339,0.0,0.4022,0.0842,0.1196,0.0,4.4714,0.1497,0.7435,0.0,0.1986,0.0,0.0,0.0,0.0,0.0,0.1842,1.165,1.2409,0.0,1.0715,0.1971,0.0,0.0,0.124,1.247,0.0,0.0,0.0,2.8861,0.0,0.1237,0.0,1.2324,0.0,0.1248,0.0,0.9201,0.0,0.1981,0.1737,0.0,0.0,0.0,6.4142,0.0,0.1317,7.2329,1.0355,12.8331
부산_winter,0.7482,4.0225,0.3362,0.4615,0.0,0.127,0.0,2.719,0.554,0.0,10.3529,0.0,0.0,0.1418,0.0,1.9899,2.4369,1.1269,2.1229,0.0,0.9441,2.695,4.1782,0.0,0.0,0.0,0.1709,0.0,0.0,0.0,0.0,0.0,0.1544,0.0,0.0,0.0,0.0,0.0,0.0,3.7625,3.2976,15.0714,0.0,0.0,0.0,0.0,0.266,0.1111,0.0,0.0,0.0,2.746,0.7918,0.0,0.0,0.0,0.0,0.0,0.7341,3.2581,0.0,0.0,0.1274,0.2395,0.7166,0.0,0.1173,0.0,0.1502,0.0,0.0,0.0,1.0192,3.1298,0.105,0.1805,0.0,0.0,0.0,0.0,0.1267,2.7796,0.0,0.0,0.2945,0.2294,0.1047,0.4342,22.9446,0.0,0.0,0.0,0.2466,0.3009,0.0,0.0,0.0,1.0293,0.0,0.0986,0.3046
대구_spring,2.0021,2.2888,8.4295,16.6157,0.392,0.0,0.0,0.0,8.5604,2.7708,0.0,0.5439,0.0,1.6423,0.7643,0.7491,0.0,0.0,2.7412,0.0,1.044,2.3712,0.0,4.9945,0.0,0.721,0.0,0.0,0.0,2.2969,4.7097,0.0,0.0,0.0,0.0,0.0,0.0,0.0,0.0,0.0,0.0,0.0877,1.2657,1.8293,0.0,0.0,2.6082,0.2505,0.0,0.0,1.5739,0.0,0.0,0.0,0.1894,1.8682,1.6448,0.0,0.0,0.0,3.4526,0.1404,0.0,1.5458,0.0854,0.0,0.0,0.0,0.9761,0.0,0.0,0.0,0.0,0.1619,0.0,0.0,0.0,0.0,0.0,0.0,0.0,0.0,0.0,0.0,0.0,0.0,0.9161,1.2704,0.0,0.0,6.9404,0.0,0.0,0.0,0.0,0.0,1.5301,4.8463,0.1891,0.0,2.9902
대구_summer,6.3627,2.3978,4.9057,1.9537,1.3174,0.0,5.5131,0.0,0.108,0.1423,0.0,0.0,1.3549,1.663,1.3497,0.0,0.0,0.0,0.1405,0.0,0.7602,1.0591,0.0,1.0092,0.0,0.0,0.0,0.0,1.1873,0.0969,0.0,8.6906,0.3737,3.3913,0.4,0.0,0.0936,0.0,0.0,0.0,0.0829,0.12,0.0,6.4713,0.0,0.0,0.0,0.0,0.0,0.0,5.5486,1.0315,1.5123,0.0,0.1404,0.0,0.0,3.4168,1.46,0.1842,0.0,0.093,0.0,0.0,0.0,2.9613,0.0,0.0814,10.4581,0.0,2.1191,0.0,0.9345,0.229,0.0,0.1991,0.8903,0.0,0.0,0.0,0.0,0.6931,0.0,0.1574,0.0,0.3957,3.467,0.0,0.0,0.1663,0.1965,0.0,0.0,0.0,0.0,5.1993,0.1265,0.0,0.0,0.1347,7.2588
대구_autumn,0.1712,1.4453,5.8552,31.5046,0.0,0.2021,0.1263,0.0,0.0,19.0501,0.0,0.0,0.1571,0.0,0.0,3.0159,1.855,0.0,0.0,0.0,0.0,0.707,0.0976,0.0,0.0,0.0,0.5305,0.0,0.0,0.0,0.0,0.0947,0.0,0.7787,0.0,7.9693,0.0,0.0,0.0,0.0,0.0,1.1774,0.3725,0.0,2.3911,0.0,0.0,0.0,0.0,0.0,3.2839,1.162,0.0,0.0,0.1212,0.0,0.0,1.3917,1.0502,0.0,0.9153,0.0,0.0,0.0,0.0,0.0,0.0,0.0,0.0,0.0,0.0,0.0,1.5965,0.1908,0.0,0.0,0.1022,0.477,0.0,0.0,0.0,0.0,0.0,3.6291,0.0,0.2006,0.0,0.0,0.0,0.0,0.0,0.0,0.0,0.0,0.0,2.1536,0.0,0.0,0.2962,0.0,5.928
대구_winter,1.3077,2.2637,0.189,1.8795,0.0,0.0,0.0,0.3838,0.0,0.0,0.0,0.0,3.4538,0.0,1.1587,0.0,0.0,0.0,0.0923,1.6701,0.665,0.1152,0.1421,0.0,0.0,0.0,0.0,0.0,23.5048,0.0,0.0,2.3559,0.4704,0.0,0.1455,0.1061,0.0,0.0,4.3276,0.0,0.9209,0.5063,0.0,4.8779,0.1588,0.0,0.0,0.0,0.0,0.0,0.464,0.0,0.0,0.0,5.8137,0.0,8.1826,0.0,0.0,0.0,10.8208,0.0,0.0,0.3636,0.0,0.0,0.0,0.0,0.0,0.4248,0.0,0.0,0.0,0.1226,0.0,0.0,0.0,0.0,0.0,0.0,0.0969,1.7691,0.0,0.0,0.273,0.0,0.0,0.0,0.0,0.0,0.0,0.0,0.0,0.0,0.0,0.0,0.0,0.0,0.0,0.0,20.9737
인천_spring,0.9435,1.5601,2.2583,2.4143,1.443,1.5727,1.3635,0.0,0.0,0.1245,0.0,0.1171,0.0,4.7835,1.9277,0.0,1.8015,0.0,2.2017,4.066,0.0909,0.0,1.7722,0.2323,0.0,1.0792,0.5305,0.336,3.6137,0.0,0.0,1.0018,0.0,0.0,0.0,0.2491,0.0,0.0,0.0,0.0,0.1362,0.0,2.8742,0.0,13.2386,0.2547,0.0,0.0,0.317,0.0,0.7586,0.0,0.0,0.0,0.2294,1.3268,0.0,1.2321,8.2303,0.0,0.1757,0.0,0.4499,0.0,0.0,0.6382,0.0,0.0,0.0,0.0,0.0888,0.0,4.8738,0.1251,1.7695,0.0,0.2973,0.0,0.0,0.0,0.0,1.3933,0.0,0.4972,0.0,0.0,0.111,0.8263,0.0,0.151,0.0,0.0,0.0,1.5202,0.3666,0.2877,0.0,0.1163,0.0,0.0,22.2311
인천_summer,2.7022,2.3352,2.2523,5.9424,0.0,3.2597,0.7862,0.1293,3.9648,0.3372,0.0,1.4345,0.0,0.0,0.5599,0.6541,3.585,0.5961,0.3575,0.0,0.5683,0.0,0.0,8.1068,0.0,0.0,0.7592,0.1618,1.7956,0.0,0.0,0.0,0.0,0.0,0.2651,6.0748,4.658,0.5725,0.0,0.0,1.5336,3.7421,0.2317,2.4294,2.9126,0.0,0.1689,0.4198,0.0,1.7057,1.3244,1.4065,1.1333,0.0,0.0,0.2505,0.5937,0.0,1.1516,2.679,0.0,0.0,0.5112,1.5709,0.0,0.0,0.1556,0.1391,0.0,0.6188,0.0,0.0,0.0,0.0,0.0,0.0,0.9841,0.0998,1.4097,0.0,0.0,0.0,0.0,0.0,1.946,0.0,0.0,0.0934,0.0,0.2392,0.0,0.8196,0.8972,0.0,0.0,1.0543,0.0,0.0,0.0,0.0,15.9198
인천_autumn,6.5772,1.3421,2.8456,1.4896,0.0,0.1802,0.0,0.1302,1.8455,1.078,0.167,0.2363,0.4503,0.2992,0.0,0.7217,0.2289,13.6678,0.1672,0.0,1.647,0.0,0.4737,0.0,0.5053,0.2229,0.0,0.0,0.0,0.0,0.0,0.0,0.4846,0.0,0.0,20.3891,0.9081,0.0,0.0,0.0,0.1275,0.0,0.0873,0.0,0.0,0.5394,0.0,0.0,0.5807,0.9123,0.4858,0.4519,1.3762,0.0,0.5766,0.0,0.0,1.4799,0.0,1.2994,0.1667,0.0,0.1119,0.3508,0.5413,0.3268,0.0,2.4908,0.0,0.0,0.0,0.0,0.5034,0.0,0.1773,0.7246,0.0,0.0,0.2111,0.0,0.0,0.0,0.0,2.9546,0.0,0.7264,0.0,0.0,0.0,0.0,0.0,2.1742,0.0,0.0,1.5636,0.0,0.0,0.0,0.0,0.6071,22.3951
인천_winter,0.784,0.0,3.9425,0.8786,2.6614,0.0,1.7683,0.0967,0.1506,0.0,0.0,1.166,0.0,0.0,0.6268,0.0,2.541,1.8675,1.2577,3.3523,1.4754,0.0,7.9193,0.0,0.274,13.3534,0.0,0.0,0.0855,0.0,0.3091,0.0948,0.2383,0.0,0.0,2.6579,0.0,0.0,0.0,0.0,5.0694,8.4287,2.2614,0.0,1.4559,1.158,0.0,0.0,0.0953,0.0,0.3095,0.0,0.1686,0.0,0.7598,0.0,1.479,0.2179,0.0,0.0,0.0,0.0,0.0,0.4924,0.0,0.1157,6.3828,0.0,0.157,0.8347,0.0,0.2609,0.0,0.0,0.0,0.0,1.5564,0.0,0.0,0.0,1.6857,0.6106,0.0,0.0,1.2703,0.0,0.0,0.2249,0.0,0.0,3.4065,0.0,0.0,0.0,0.0,0.0,0.0,0.0,0.0,0.1375,13.96
광주_spring,3.7188,2.5709,0.1698,0.5972,0.0,1.3046,0.2185,8.9849,0.1798,0.0,0.192,1.8202,1.1207,0.1357,3.05,4.0503,0.0,0.0,0.2045,0.0,0.1681,9.5231,0.4333,0.1469,0.0,0.2362,0.0,0.1563,1.591,0.0,0.0,0.2446,0.2622,0.0,0.0,0.0,2.134,0.0,0.0,0.0,0.0,0.0,0.0,17.7235,0.4534,0.538,0.0,0.0,2.536,0.0,0.0898,0.0,0.0,1.7459,0.0,0.7564,0.2333,0.0,0.0,3.5132,0.2267,0.1492,0.0,0.0,0.0,0.0,0.0,0.101,4.0247,0.0,1.7302,0.0,1.4151,0.0,0.0,0.0,1.4734,0.1708,4.9289,0.1551,0.4587,0.0,0.0,0.0,0.0,2.3524,0.0,0.0,0.0,0.0,0.0,0.0,0.4609,0.0,0.0,0.0,0.1237,0.0,0.0,2.8945,8.5317
광주_summer,1.8957,0.2351,1.0373,2.851,1.5053,0.0,0.4263,0.0,1.61,0.9622,5.9178,0.0,0.6138,1.3725,0.4599,0.7801,5.108,0.7349,0.0926,0.0,2.2918,0.4805,0.0,0.1712,0.0,0.1487,13.3356,0.0,0.0,0.0,0.0,0.0,0.09,0.0,0.0,2.4779,5.4347,0.0,18.5391,0.0,0.1527,0.2257,0.0,0.0,0.0,3.4251,0.0,0.0,0.3946,0.0,0.0,0.8833,1.7256,0.9596,0.2544,0.0,0.0,0.0,0.0,1.4965,0.0,1.8824,0.0,0.6446,0.0,4.0041,0.0,1.6067,3.505,0.5185,0.3682,0.0,0.0,0.0,4.0182,0.0,0.0,0.0,0.0,0.15,0.0,0.0,0.0,0.0,0.8174,0.2281,0.0,0.0,1.1216,0.0,0.3938,0.0,0.0,0.0,0.0,0.0,0.0,0.0,0.7718,0.4438,1.4365
광주_autumn,2.0436,0.0,2.1159,1.8777,0.0,0.7931,0.0,0.0,0.2139,0.1744,0.8771,0.0,0.0,0.0,0.0,0.0,0.0,1.7569,14.1093,0.0,0.0,0.1724,0.1836,0.0,0.0,0.0,0.0,0.0,0.0,0.0,1.53,0.0,0.0,0.1107,0.0,0.0,0.0,0.0,2.2562,0.0,0.2128,3.9308,0.0,0.9216,13.3731,9.9826,0.0,0.0,0.1151,0.0,1.1667,0.0,0.0,0.3355,0.0,0.0,0.0,0.0,0.0,0.0,25.462,0.0,0.083,0.1201,0.0,0.0,0.0,0.0,0.0,0.0,0.0,0.0,0.0,0.0,0.0,1.664,0.273,0.0,0.0,0.0,0.4912,0.0,0.0,0.0961,0.0,0.0,0.159,0.0,0.0,0.0,0.1383,0.0,0.0,0.0,0.0,0.0,0.0,0.0,0.0,0.0,13.2602
광주_winter,1.0958,0.7723,0.9914,1.7034,3.0348,0.0,0.2492,0.1163,0.0,0.0,0.0,0.0,0.4102,0.8805,4.1203,1.5056,0.0,0.3579,0.1493,0.1052,0.0,2.4505,0.2415,0.0,0.0,3.5467,0.0,0.0,0.0,0.0,0.0808,0.0,3.1075,0.0,0.0,0.0,0.0,0.0,0.2155,0.0,2.9168,0.2638,0.2228,1.4991,1.0425,7.0603,0.0,0.9997,0.0,0.0,15.1946,0.0991,0.1509,0.0,3.0311,0.5834,0.2075,0.0,0.0,11.2139,0.0,0.0,6.987,0.0,0.0,0.0,0.0,0.0,0.5529,0.0,0.0,0.0,0.0,0.0,0.0,0.0,0.1958,0.8052,0.0,0.158,0.0,2.0119,0.0,0.0,0.0,0.158,2.6204,0.0972,0.0858,0.0,0.0,0.0,0.1253,0.0,0.1958,0.0,0.0,0.0,0.0,0.0,16.3866
대전_spring,1.1144,0.0,0.0,1.1263,1.0757,0.1093,0.1604,0.338,0.0,0.0,0.0,0.2124,0.0,0.0,0.2089,0.0,0.5646,0.0,0.0,0.0,0.0,1.389,0.123,0.9906,0.0,0.0,0.7066,1.0958,0.0,0.0,0.8319,0.0,0.0,0.0,0.0,21.8139,0.1158,0.0,0.1364,0.0,0.0,0.8451,0.9239,1.5258,0.0,0.0,0.0,0.0,0.1438,0.0,0.0,0.1401,0.0,0.0,10.0987,0.124,0.0,22.2867,0.1368,0.2669,0.0,0.3963,4.2118,0.1779,4.5725,0.0,0.2378,1.0023,0.0,0.1159,0.0,0.6364,0.0985,0.0,0.0,0.0,0.0,0.0,0.0,0.0,0.0,0.4875,0.0,0.0,0.0,5.2584,0.0,0.0,0.0,0.0,0.0,0.0,0.0,0.0,0.0,0.0,0.2121,0.0,0.0,0.5685,13.4192
대전_summer,2.591,1.5647,0.0,0.0,0.0,2.0914,6.898,0.2841,0.0,0.4581,7.1306,2.3833,0.3901,0.6667,0.3927,0.3643,2.4884,0.0,0.1752,0.0,0.0,0.0,0.0,0.0,9.3918,0.0,0.0,0.0,0.0,0.0,0.0,0.0,0.0,0.6967,0.0,0.0,1.7402,0.0,9.9608,0.0,0.322,0.0,0.0,0.5226,0.0,0.5806,0.5536,0.0,0.3108,0.9494,3.47,3.2621,0.0,0.0,0.0,0.5107,0.2596,0.0,6.0702,0.3327,0.0,1.463,2.6151,0.0,0.1378,0.0,0.2045,0.0,0.0,0.1606,0.0,0.2509,1.4087,0.0,0.0,0.0,0.0,0.0,0.5232,0.6594,0.0,0.0,0.0,0.0,0.0,0.0,7.5041,0.0,0.0,0.0,0.0,0.0,0.0,0.0,0.0,0.0,0.0,0.0,0.0,0.0,18.26
대전_autumn,4.347,4.9776,0.0,7.9223,0.0,1.1524,0.0,2.0945,0.124,1.1759,0.0,0.0,0.0,0.0,0.7941,0.44,0.1026,0.2891,0.0,0.0,0.1483,0.0,0.0,0.0,0.0,1.09,0.0,0.0,0.1519,0.0,0.0,0.0,0.0,1.517,0.0,6.4409,0.0,2.1934,0.0,0.0,0.0,2.4544,4.0605,0.0,0.0,0.114,4.6548,3.3948,0.0,0.0,0.0,3.9494,1.764,0.1031,0.1078,0.0,0.0,0.1449,2.2632,0.0,0.0,0.0,9.1922,3.1391,0.0,0.0,0.0,0.1383,0.0,4.6637,0.8073,0.0911,0.1215,0.0,0.0,0.0,0.0,3.834,0.0,0.0,0.0,0.1303,0.0,0.0,0.0,5.0773,0.0809,0.0,2.106,0.6233,2.9978,0.0,0.0,0.0,0.0,1.1892,0.0,0.9528,0.0,0.0,6.8833
대전_winter,2.5669,0.8164,0.0,4.4755,0.0,1.0735,0.0,5.1297,2.016,0.1224,0.3061,0.0,0.0,1.4709,0.0,0.9313,0.152,0.0,0.0,0.0,13.2134,0.1084,0.0,0.0,0.0,0.1441,0.0,0.2202,0.0,0.0,0.0,0.0,0.0,0.0,0.0,0.0,0.0,0.0,0.0,0.0,0.0,0.0,0.1438,0.0,0.0,0.0,0.0,0.7423,0.0,0.0,0.1288,3.9406,0.0,0.0,0.0,0.0,0.1373,13.3279,10.6293,0.0,0.0,0.0938,0.0,0.0,0.0,0.0,0.1429,0.0,0.0,0.0,0.0,0.0,0.0,0.0,3.8601,0.1202,0.4101,2.6902,0.0,0.8835,0.0,3.5818,0.0,0.1212,0.2552,15.5825,0.0,0.0,0.0,0.0,0.0,0.0,0.0,0.1444,2.4801,0.0,0.0,0.0,0.0,0.0,7.8372
울산_spring,0.0,0.0,1.3767,0.2085,0.0,0.4725,0.1227,0.9994,0.0,0.2056,1.0917,0.0,2.0871,16.0388,0.1617,0.4701,2.245,0.0,0.6642,0.3034,12.3339,0.0,0.0,2.2333,0.0,0.0,0.0,2.3172,0.0,0.2147,0.5343,0.4264,1.495,0.0,0.0,0.0,0.0,0.0,0.0,0.0,0.6457,0.1914,0.0,0.0,0.0,1.9106,0.0,0.0,0.0,0.0,0.1043,0.1365,0.0,0.0,8.7018,0.1399,0.0,3.6078,0.2375,0.4742,0.9677,0.0,0.0,0.1637,0.0,1.193,0.0,0.0,0.0,0.0,0.0,0.0,0.3071,0.0,0.0,0.8088,7.3488,0.0,0.0,0.0,0.4266,0.0837,0.0,0.1098,2.0863,0.0,0.0,0.0,0.1779,0.0,0.0,0.0,0.0,1.3587,0.0,0.3961,0.0,0.0,0.0,0.0,22.4197
울산_summer,0.1072,0.7522,0.8396,0.0,2.7459,0.2287,0.0,7.3754,0.0,0.0,0.1996,0.0,0.0,6.3485,4.8837,0.8397,0.0,2.6252,0.2547,0.7013,0.5927,1.4888,0.0,0.0,0.0,0.0,20.7916,0.2576,0.0,0.5617,0.0,0.1704,0.0,0.4263,0.1537,0.0,0.0,0.0,15.3482,0.0,0.0,0.253,0.0,0.1137,0.5254,0.0,0.0,0.0,0.0,0.127,0.21,3.081,0.0,0.5502,0.0,0.0,0.0,0.2726,0.0,0.8031,0.0973,0.0831,0.0,0.0,0.0,0.0,0.0,0.4832,0.325,1.3383,0.093,0.0,0.0,0.0,0.0,0.0,0.1539,0.1015,0.0,0.1509,0.377,0.0,0.0,0.0,0.2964,0.1853,0.0,0.0,0.2485,0.5907,0.0,0.0,0.0,0.4245,0.0,0.0,0.3733,0.0,0.0,0.0,21.0497
울산_autumn,1.1634,3.9945,0.0,0.0,0.0,2.835,5.2726,2.5632,0.1225,0.0,0.0,0.1614,0.2509,0.2264,0.0,0.5615,0.0,0.0,0.0,0.0,12.7464,0.0,0.1101,0.0,0.113,0.2084,0.0,9.5338,0.0,0.0,0.0,0.1979,0.0,0.6461,0.0,0.0976,0.0,0.0,0.0,0.0,0.0,0.1042,0.0,0.0,0.0,0.0,0.0,6.3681,0.0,0.0,0.768,0.0,7.5415,0.0,0.0,0.1292,0.0,0.1005,0.0,0.4926,0.0,0.0,0.1922,0.0,0.0,2.0743,0.0,0.0,0.0,0.0,0.0,0.0,0.2023,0.0,0.0,0.0,0.2365,0.0,0.0,0.0,0.0,0.0,0.0,0.0,0.1676,0.0,0.0,0.0,0.0,2.7382,4.1937,0.0,0.0,0.0,0.0,0.0,0.0,0.0,0.0,1.6078,32.2786
울산_winter,0.0,2.7668,0.0,0.4695,0.0,0.0,1.2984,0.2462,0.0,0.0,0.0,0.2435,0.2596,0.4514,0.1126,0.5623,0.2588,0.0,3.5281,2.1731,0.0,0.0,0.0943,3.4132,0.2806,0.0,0.0,0.0,0.6471,0.0981,0.0,0.0,0.0,0.3301,0.0,0.0,0.0,0.0,0.0,0.1005,0.0,1.7733,0.0,2.602,0.0,0.0,0.3211,0.1984,2.1691,0.0,0.2705,0.0,0.0,0.0,0.0,0.0,0.0995,0.0,1.1176,0.0,0.0,0.1676,0.0,0.3848,0.0,0.0,0.0,6.6488,0.1158,0.0,0.0,0.0,1.345,1.426,0.0,9.6654,0.3306,0.0,0.0,0.0,0.0,0.193,0.0,0.0,5.0733,0.4077,0.0,0.0,0.0,0.0,0.0,0.0,0.1104,0.0,0.0,0.0,0.0,0.0,0.0,1.0496,47.1963
수원_spring,4.409,0.3378,0.1712,0.0,0.3993,0.0,0.0,0.1837,0.0,2.9399,0.0,0.0,0.0,0.1176,0.0,0.2682,0.2218,0.1361,2.9353,1.9585,3.3502,0.0,0.2687,0.0,0.0,0.2031,1.9841,1.8594,0.7687,0.0,0.3035,0.0,1.3038,0.0,1.8559,0.1445,1.2057,0.0,3.6177,0.0,2.859,0.159,1.1899,6.5967,0.1525,0.1682,0.0,0.0,0.3353,0.0,4.1013,1.0705,2.4882,8.891,0.4594,2.5466,0.0,0.0,0.4334,3.4928,0.0,0.0,2.7374,0.2287,0.2323,0.0,0.9033,1.2314,0.0,0.2745,0.0,0.0,0.1489,0.0,0.0,3.0015,3.2247,1.1401,0.0,0.0,0.0,0.0,0.0,0.0,1.0319,0.1516,0.0,0.0,0.0,0.6574,0.0,0.0,1.308,1.0156,0.0,0.0,0.0,0.0,0.2526,0.5393,16.0333
수원_summer,12.4715,1.1363,0.0935,0.2854,0.0,0.0,0.0,0.2046,0.085,5.1856,0.0,0.0,0.0,1.829,0.0,0.0,0.1838,1.9564,0.0,0.0,0.0,0.0,0.0,0.0,0.0,0.0,0.0,3.1785,0.228,0.0,0.0,0.0,0.0976,0.0,0.0,5.7162,0.1267,0.3468,0.0,15.1363,0.1032,0.0,0.2165,0.0,0.0,0.1991,0.0,0.0,0.0,0.5494,0.0,0.0,10.4143,0.0,0.9382,0.1789,0.0,0.7533,1.5276,0.0,0.0963,2.8325,0.0,0.0,0.0,0.0,0.0,0.0,0.0,0.1415,0.0,0.0,0.0,0.0,0.0,7.6667,0.0,0.0,0.0,0.0,0.0,0.0,10.307,0.0,0.343,0.0,0.7845,0.0,0.0,0.0,3.983,0.0,0.0,0.0,0.0,7.4948,0.0,0.0,0.0,0.0,3.2094
수원_autumn,5.6139,3.6029,2.2737,0.0,0.6136,0.0,0.0,20.1478,0.0,0.0,0.0,0.0,0.0902,0.0,0.0,0.3013,11.3541,0.1927,0.0,0.0,0.0,0.5349,0.0,0.6033,0.0,5.9048,0.0,0.1141,0.0,4.5071,0.0,0.0,0.0,0.0,0.0,0.7986,0.0,0.1654,0.1828,2.5099,1.8991,0.109,0.0,4.9449,0.0,0.9859,0.0,4.9652,0.0,0.0,3.9145,5.1729,0.0901,0.0,3.0395,0.1859,0.0,1.4478,1.602,2.0562,0.0,0.1656,0.0,2.8842,0.0,0.0,0.0,0.0,0.0,0.0,0.0,0.0,0.0,0.0,0.0,0.0,3.8974,0.0,0.0,0.0,0.0,0.0,1.4783,0.0,0.3862,0.1126,0.0,0.0,0.0,0.0,0.0,0.0,0.3607,0.1124,0.0,0.0,0.0,0.0,0.0,0.1422,0.5365
수원_winter,14.2344,0.3776,3.5107,0.1393,0.3834,0.0,0.3354,2.6685,0.1334,0.0,1.669,0.0,0.1695,0.1202,0.3528,0.1948,0.6952,0.0,1.5782,1.9571,0.0,0.0,1.8621,0.1477,0.0,1.177,0.0,0.0,0.1561,0.9828,0.4244,0.2474,0.7,0.0,0.0,0.0,0.185,1.9464,2.7233,0.3299,2.0018,0.2478,0.8196,0.0,1.3165,0.173,1.7734,0.0,0.0,1.2692,0.0,11.8342,8.2197,0.0,0.0,0.1094,0.0,0.2315,0.0,0.0,0.1621,0.0,0.0869,1.4646,0.0,0.0,0.0,0.0,0.3735,0.0,0.0,3.4357,0.0,1.3056,0.3087,0.0,4.6217,0.1035,0.0,0.1726,0.0,0.0,0.0,0.0985,0.0,17.6054,0.0,0.0,0.0915,0.0,0.0,0.501,0.4182,0.0,0.0,0.0,0.0,0.2916,0.0,0.0,1.5615
창원_spring,0.0,0.0,0.1444,0.0901,0.1679,0.0927,1.2637,0.0,0.0,0.0,0.0,0.1186,0.0,0.0,0.0,0.1172,0.1126,0.4042,0.2884,0.3549,46.5843,0.1683,0.0,0.4011,0.0,0.0,0.0,0.0,0.0,0.0,0.0,0.5216,0.6481,2.3028,0.1105,0.0,0.0,0.0,5.4391,0.0,0.4189,0.0,0.6007,0.0,0.0,0.0,6.4607,0.0,0.0,0.0,10.4398,0.186,0.0,0.0,0.0,0.1802,0.2018,1.1059,0.0,0.0,0.0,0.0,0.0,0.0,0.0,0.0,0.0,0.0,0.0929,0.0,0.0,0.0,0.0,0.0,0.0,0.0,0.0,0.0,0.0,11.0501,1.0908,0.0,0.0,0.0,0.4138,1.2483,0.0,0.0,0.0,0.1086,0.0,0.0,0.0,0.0,5.939,0.0,0.0,0.0,0.0,0.0,1.1319
창원_summer,0.4268,2.6223,0.0,0.3754,1.5082,0.0,0.0987,2.7112,0.1628,0.0,0.0,0.0,1.0981,0.0,0.5146,0.4487,2.5562,0.0973,0.0,0.0,47.7047,0.4694,0.0,0.0,0.0,0.0,1.2302,1.0523,0.0,0.0,0.9198,0.0,0.277,0.0,0.0,0.2893,0.0,0.2383,0.0,0.0,3.5557,0.0,0.6551,0.2487,0.0,0.0,0.0,0.0943,0.0,0.0,12.3122,0.138,0.4469,0.4428,0.0,0.0,0.6046,0.0,1.2917,0.0,0.0,0.0,0.0,0.0,0.2838,1.3165,1.2461,0.1267,0.0,0.0,0.0,0.0,0.2128,0.0,0.2129,0.0,0.0,0.0,0.0,0.0,0.0,0.0,3.0564,0.0,0.0,0.0,0.0,0.0,2.1155,0.0,0.0,0.0,2.0085,0.0,0.3469,0.0,1.0119,2.6053,0.0,0.0,0.8655
창원_autumn,0.0,0.0,0.9246,2.3481,0.0,15.1218,0.0,14.3991,0.0,0.0,0.815,0.0,0.0,0.6171,0.1259,0.0,13.521,0.385,0.1703,0.0,0.8606,0.1098,0.1218,3.7145,0.303,0.0,0.0,0.0,0.0,0.0,0.0,0.0,0.0,0.0,0.237,0.1549,0.0,0.1267,0.0,0.0,3.6022,0.0,4.6314,0.0,0.0,0.7638,0.0,0.4358,2.6506,0.0,0.2071,0.0,0.0,0.0,0.0,1.5534,0.0,0.2648,2.9609,0.0,0.9236,0.0,0.0,0.0,1.0159,0.0,0.0,1.1173,0.0,0.0,4.9263,0.0,0.0,0.0,0.0,0.0,0.0,0.217,0.0,5.6447,4.1306,0.1983,0.0,0.0,0.0,0.5376,0.0,0.0,0.133,0.0,0.1026,0.0,0.3316,0.3587,0.0,0.0,0.0,0.0,0.0,0.0,9.2368
창원_winter,2.5495,0.3131,0.0,0.0,0.0839,0.0,0.0,3.0958,0.0954,0.0,0.0,1.1238,0.0,0.1043,0.7744,2.3664,2.0664,0.0,1.2853,0.1239,1.2291,4.7507,0.1955,0.0844,0.0,0.0,0.0,0.0999,0.0,0.0,0.0,1.4296,1.2841,0.0,1.0947,0.0,0.0,0.0,0.0,0.0,0.1055,0.0,0.2517,0.0,0.6709,0.0,3.9367,3.9268,0.1774,0.1325,0.2354,8.8262,0.0,0.2974,0.0,0.0,0.0,1.3482,9.5372,1.629,0.0,0.0,0.0,0.1334,0.0,0.0,0.1663,0.0,0.5214,0.0,0.1376,0.0,0.09,0.3189,0.0,10.4561,3.3295,0.1616,0.0902,0.0,0.9214,4.6148,0.1584,0.0,0.0,8.986,0.0,0.0,0.0,0.0,0.0,0.2729,0.0,0.0,0.3527,0.1574,0.0,0.1178,0.0,4.2328,9.5557
청주_spring,0.4489,0.198,29.4473,1.8142,0.0,0.0,7.9394,0.4836,0.0818,0.1212,0.0,0.2702,1.7661,0.0,0.098,1.8226,0.0,0.1139,0.0911,0.0,0.2429,0.0,0.4681,0.8963,0.6666,0.0,0.0,0.0,0.0,0.0,0.0,0.0,0.0,0.0,0.0,0.0,0.1387,0.0,0.0,0.1535,3.595,0.0,0.0,6.8168,0.4552,0.0,0.0,0.0,0.0,0.2783,0.3041,3.0648,1.0303,0.0,0.0,0.0,0.5943,0.0,1.6707,0.0,0.0,0.0,0.0,0.6667,0.6199,0.2728,0.3869,0.092,1.964,0.0,0.3099,0.5841,0.1407,0.0,0.0,8.1697,0.0,0.0,0.8464,0.7722,0.0,0.0,1.5606,0.0,0.0,2.2713,0.0,0.0,0.0,0.0,0.0,0.0,0.4228,0.0,0.0,0.0,0.0,0.0,0.0,0.0,15.8482
청주_summer,2.2715,1.4887,0.0,4.491,10.4313,0.422,0.5951,0.4936,1.6487,0.0,0.0,0.4628,0.9294,5.4838,0.3162,0.4569,1.4343,0.0,2.4112,0.0,0.0,0.4638,0.0,0.0,0.0,0.2762,0.0,0.0,0.0,0.4735,4.8953,0.0,0.4001,0.3774,0.0,0.6304,0.0,0.2682,0.0,0.0,0.1059,0.9969,0.2975,0.2941,0.0,0.3583,0.0,0.0,0.1719,0.1718,0.0,4.213,0.0,0.0,0.0,1.684,36.349,0.1057,0.0,0.1043,0.0,0.0,0.4339,0.0,0.0,0.0,0.0,0.0,0.0,0.0,0.0,0.0,3.6089,0.0,0.0,0.0,5.1084,0.0,0.0,0.0,0.0,0.0,0.0,0.0,0.0,1.3936,0.1024,0.0,0.0,0.3512,0.0,0.0,0.0,0.0,0.0,0.0,0.0,0.0,0.0,0.0,3.0282
청주_autumn,37.7644,0.0,0.0,1.4031,0.0,1.1401,0.0,0.0,0.0,0.0,1.7927,0.4571,0.5978,0.097,0.0,1.554,1.0463,0.0,0.0,0.0,0.0,0.1298,0.0,0.0,0.0,0.0,0.0,3.6965,0.0,0.0,0.0,0.0,0.0,0.0,0.0,0.2365,0.0,0.9533,1.3717,2.1465,0.0,0.0,0.0878,0.0,0.0,13.5697,0.1341,0.0,0.0,0.0,0.0,0.3576,0.0,0.0,0.0,0.2789,0.0,0.0,0.2692,0.0,0.0,0.0,0.0,0.3739,0.1555,0.0,0.0,0.2316,0.0,0.0,0.1163,0.1135,2.185,0.0,0.148,5.7813,0.3001,0.0,0.4805,0.0,0.0,0.0,0.1421,0.0,1.5865,0.0,0.0,0.0,0.0,0.0,0.0,0.0,0.0,0.1527,0.0,0.0,0.0,0.0,0.0,0.0,19.149
청주_winter,1.6739,1.1909,1.0322,0.1456,0.1974,0.1291,1.4634,1.7227,0.4474,0.0,1.9058,0.0,0.0,0.3058,0.5507,5.1454,0.3899,0.3935,0.0,0.3738,0.2015,0.0,0.0,0.9353,0.0,0.8824,0.9003,0.0,0.0,0.0,0.0,0.5999,0.0,0.4086,1.2508,0.3939,0.0,0.5973,0.1134,0.0,2.2834,0.6149,0.0,1.9522,0.8902,0.9039,0.0,0.308,0.3721,0.6658,1.2693,0.0,0.0,0.2659,0.7414,1.2926,0.0,1.0734,4.22,7.4633,0.0,0.0,0.0,0.0,0.0,0.0,0.0,0.0,0.0,0.0,0.4985,0.0,0.1013,1.7949,0.5404,0.5239,0.7044,0.1957,1.5636,3.9705,0.0,2.0184,0.0,0.2213,2.934,0.0,0.1996,0.0,0.4987,0.8133,0.0,0.0,7.7654,0.0,0.0,0.0,0.0,0.0,0.0,0.0,27.9885
